scope	path	mode	git_blob	bytes	sha256
go-source	cmd/route-manifest/main.go	100644	9a5fe7c7b85f71f76f691a613f72de057ce91dc1	874	0feb448bf56cbe805f4cd87afbee6600eeb060da8c6118a3c048d28a37b0cd0b
go-source	common/api_type.go	100644	44841e11b8fc5426dfb1f62d0f7f79cdc48af4d8	3205	1484da90ada40945361f2ef963f9209261f237d277b2b47758c8e50ea7d88695
go-source	common/audio.go	100644	466cd2c797494f24795234f5e9e364ec269473a4	9892	bc34cbe7aa1d2e7df93bbd32d3951401ee01235d3e0eb34901fe4f4609e64013
go-source	common/body_storage.go	100644	094dbda36d3f04257724aa5652825babd45ce239	7150	9a021b1dfc8581f298d090955670986150f89e57cbfa08c177e9f0270e1fb951
go-source	common/constants.go	100644	acfa9044e1007104b68f1ca45d586aa489873791	6778	c11e65769cedc60e0892b4fd8b91a6f19eef9caa93f66d0bc68d4c2643c82f00
go-source	common/copy.go	100644	3edb2fa2537e385e16802cfceeb4d93923fba9c6	341	71e55ad08cace6e1d918256a6a7b1cdbbbe36dcd39db5176f8cbd6d559217688
go-source	common/crypto.go	100644	3ca06bd2d6c3883d12e9f2a45825c6921544c548	789	c640ee1b462cb0e2191a8c12c49215c9ece1f4769e71fa90f2d172c94bff7665
go-source	common/custom-event.go	100644	fd8fee87cb048e97ad19b308d9c9f21aad8deace	1806	dc05bb976e32fb14111687c07001c4dd270d648afea2c7ddd543916cba8a060e
go-source	common/database.go	100644	30d341f3726884297ed1eeec7b95d259672cd722	1022	33610217dd9dffb2286313445c8402c0822a76b487141b5e25f0ddb866407cc3
go-source	common/disk_cache.go	100644	bea3de044e210b2fd7235d08b9577c5b8ea9d600	4438	2479f71207751f9991262f96aa2bdf0d871cabd23b6fe00bc8fad4b6a98efaff
go-source	common/disk_cache_config.go	100644	b629c9ce797d6d1a0a65250ce0ba7bc3157eba5e	5742	8b9558aa6ae5092e69ce88af3554851b34b3ce020a9e510c8fc43a12ec39d967
go-source	common/email-outlook-auth.go	100644	f6a71b8e818dd95b80874087169fbbcceb3939de	909	8bfee16b6985adec2d4072257e542b310d2b5ffea9c0f24c683bb5942da3b9b0
go-source	common/email.go	100644	6ee26c0cb063fd04cbc87eaf77425764ca35c8f8	3179	38e6f1572fdc47820ce104b24659e0e6aee79ede2330e7408f9854e9621f9962
go-source	common/email_ntlm_auth.go	100644	98a55a6bb6959489b2e2af9e6da27ea41254e2f2	1982	647a22b24be26a3c2f43ac7ad08bf217625c7d945a02e98018124e9d547400dc
go-source	common/email_test.go	100644	7ae45ae3d70ab2ecd11a0efd12d4599ef7b0dd5f	15238	532372e4bb6d3c49b043c25c0fb000ae31f565ee9a1d893ac00ba00a1dba4d51
go-source	common/embed-file-system.go	100644	8de8699506a0f401603918072aa3615329d14b3f	845	7761411362a75d9a26d6dbb54fe62853d0e01281056b46c5c0130f370ffb2349
go-source	common/endpoint_defaults.go	100644	80ed7c80d446bb983b5b42530f434181c4165331	1619	637c34f3d3caae762744b2cf72f78ee49a98f17c12b7444f5b09bf111ff3c91f
go-source	common/endpoint_type.go	100644	126df3c8e7611a79775e88fd8d8290931874ccae	2649	390fce4e279e30da7d9c21b15398ba758e48281e2b45145996895151419bead7
go-source	common/env.go	100644	1aa340f85ea11934d3a5f4e3e7e7c65495bcb157	874	7691aa624a042e4274c73e71fb5a397dfb72f7f1da4a7cbe685672af4da19816
go-source	common/gin.go	100644	315e86613ec7ca85a92794975613125099ceb564	9733	0f331d9337653f459f640f64b8d9ec77c175c356fe523e81143ca5077e1b1c4c
go-source	common/go-channel.go	100644	f9168fc4674e5f53e8168663da366aaa10649bb9	1208	6b4e655634672efbc0b28707a5b932371bec049e414ac57e9f316a04ef6f486d
go-source	common/gopool.go	100644	d410380b86d1c0ed52340f2f6053e4d04c0b2361	540	9a9a676801d26d77d37e10b2ca6871f5473ace69977c740da61adf2223e42895
go-source	common/hash.go	100644	5019193857364f4f914dd956afdc5efd3fb9fcff	591	daa6b4578d5aadcebca3a2109cbfc7eeb58ac69d3088742c43de94b9bddd1540
go-source	common/init.go	100644	4d4c62b27cac7660a6b3e2c5100cf24b236696f8	9404	85f38a8c2e8f212975c1afc9ce24198fb3ba59f1d89839bb95dd38d2249d9d33
go-source	common/ip.go	100644	0f2a41ffdfd8e28cd7d086a84c2c5b44362d45a7	992	bb9366d72ed1f018bb827afa824c6855c229eb482b903b78e0fd0658f730b308
go-source	common/json.go	100644	1625be6d51f7455eade5683d4217077f1455fae2	1199	d0160070caf4c0c8ae58657caa84a2ebadbbab9cce06034597f0ff6611c2d1f8
go-source	common/json_test.go	100644	b5994945168627b8e218e6bc4581112aa2f85f90	801	c4b4152c172e44d2ed7897bc14113be25b31c1be66b3bb5630d6270e12ee7f75
go-source	common/limiter/limiter.go	100644	6be61bc9513efccb04c879f8e04496f7ed40cc83	1606	856f78046d852994d36b165ea30bcb91eb52dee48df65322bc861cf0221967d8
go-source	common/model.go	100644	4ebc7b532d746252baa1fcf2e1889cb1a6d5dcfd	1165	f8f1e0cede55c3361fd2ddbd522653bfff6530c546ef6150ff1d2dcad5f3029a
go-source	common/node_identity.go	100644	21c2a6114f26e60e4a2e82a6480cc0b5703392df	875	fcd8ecbd553ac2dfa2767c362c1800fffa62b92bab8767d7de9fe0067849bff4
go-source	common/page_info.go	100644	2378a5d81fdbc7f10cab4258fa72795ea04ccd83	1587	d9956ddfee58ed3c69a87b04a865308a29e9f1186aad28f2b2b6b0097953d977
go-source	common/performance_config.go	100644	941d9eab88647df098cc88aacb20516d301a80de	808	b553198e535348a723d158a57f00c6ec873422a80c66c0799f7e26d485e6fd95
go-source	common/pprof.go	100644	745926536f3357213df5149fa23a414658005ae4	1012	3276ff568e853e1b7a38a1cb9ccd0f89db549fee205d99135f2354ea491aa831
go-source	common/proxy_url.go	100644	b295bd71224b0c5026b30d9bd021b8551b47da2c	2403	531d5f481111c43be2e6a1bc1b7e5bf5b5e79446826a8c051bea7e6c280baf4b
go-source	common/pyro.go	100644	b798f2c7747b289b04ba69cbedad85213c80cab3	1433	02a909a256bed59eeb0bbbda17710ddbf72e2bee0f1281fd6ca1b401837c2e49
go-source	common/quota.go	100644	dfd65d273ee57df0998ab633b7876fb3367664d5	76	fe7758000bbb0bd73a3944b7aa63766482b610321ba5220ff943ce2085238124
go-source	common/quota_math.go	100644	86c72492db709ab978c5dfe14b5927260765e522	5621	bfcf57c5684d6f7853b2e5468f1c4479491418639399439d09ebd873ef5e1c7a
go-source	common/quota_math_test.go	100644	2d8742e6c176e54fc1b2c598726a478cfd8ff3a4	4569	f050e3ea8ff0101238b76953e20703bc3995bfd4d5feb6bd283bacf1ef7a668c
go-source	common/rate-limit.go	100644	301c101c974809a660c4230843c2ae43289c6464	1489	1fc7c82d1fff9ee6d3e2172fc1e10aa28527c813a918464f5790b738810182c4
go-source	common/redis.go	100644	c72878378fcef1215fed0045e4ce43fae0dea051	8077	8486d1c268215a581e4754f318e2204923859ddaab2fdfc0c41cd7e79e039807
go-source	common/request_body_limit.go	100644	8579ae9ff2a1bbc52fada81ede443244862f36e4	311	6fb85fc8c0daa140d90a83209925990fadabcf5555e3cc3f9e78d5466dbb3a20
go-source	common/session_cookie.go	100644	28981ce9d81722eb483f45a42179c01cd3b8ace0	2834	3e7c06b13318d715e545208348b2d3f28ba431ddec21238643e4a74a522bc6f4
go-source	common/ssrf_protection.go	100644	f42e9435dad6c9e36d0d1db5b3c6e9ffa254e665	11579	1aff3bcfa6cdfe0ea76a988ec922f4f63974ebf9942f8ac67273810b30670ed9
go-source	common/ssrf_protection_test.go	100644	e0a9343845b65098c3829dd455fcb0b92ab76e61	1565	0211a4b8083776a167267dfb5d11986556c027e4bfd8d879ae8353791c6bb033
go-source	common/str.go	100644	b412c7dc1157963785f741f7330c3dd4c6c200e9	3277	ed791e52f6444bd27e3bf5e6f12bcbd215f0c9d9fe2cc077cd8de101270856e4
go-source	common/sys_log.go	100644	2d6022f774eb5dbc45ec864d828267642ee5f39d	2092	4bb0cfae565439d30c29ee010bb83e064fd01a73e5da9caba5e1015cac629bb9
go-source	common/system_monitor.go	100644	26710faedeef880f94d03a1750e11190c02dcad5	1671	969207bf90da7362b4a88c37303bdbb4838b2b10f61536346021c8c1d0796f0b
go-source	common/system_monitor_unix.go	100644	673b964d2da87e8f92b2ad43f7140346e5ef7789	769	acb58c3572300397da6c7c08bac12f442a1703af90c5ca76e0547409ac190dd6
go-source	common/system_monitor_windows.go	100644	7db7667317ae71550992a1f2ab23bf617098e86b	1016	efc6e992bf5b0ad380e2f72df1b4e8c5851dfc0e30d1241d5b1d27cf1f854e69
go-source	common/topup-ratio.go	100644	2b60cde7d16937fc38bb4b1faf2f5e03f09c8c95	932	ef473247ed47581fb1b75264b7d7a0a1b772694260641657dc1fbe429b53448a
go-source	common/totp.go	100644	400f9d05c5b36d394f6181e85621888d6c610e7a	3650	094d7336bed65f404541ddd41495167590eacb025fc41ea401596c69e9abecd6
go-source	common/url_validator.go	100644	151f643f1d513c9a48ba8beb43483ca5f9570c1e	1082	034969ee521bc44bcd01d26ccc47895bcb94efe4d0c93749d051344efbaa6eb1
go-source	common/url_validator_test.go	100644	4342500cf94524ec1d03046b2a051944e28e3cbd	6682	a6a7962c9d69cfb4653a042d6f7bf95963c9787730ebd40d2895dabe6a7d9b44
go-source	common/user_session_test.go	100644	a6c2a5c36bff6c8e53d19f18984823161b83e950	2614	0b6425d38daf1ffa04dc5a756eff2a3662c073a3e0f089f42935440d206ae166
go-source	common/utils.go	100644	7e658ff4ea584e3ccf6922da8293e599d83c3399	7509	1fc7fa7f72ea1ca119ce43e71f6c9e09a0e8d55724f2a30b281b0f9f40889cac
go-source	common/validate.go	100644	b3c78591078bd4a8ab321f9368fcc0721d8f60f0	143	7eb20060c25a40d2a6fc9a77629087fb3fe8773a3a417567e22a87329ef133d8
go-source	common/verification.go	100644	41fd3c943e7edc52d43d4fb417ff9e8504bddf9c	1754	e3aeb4a936d39dbf3f15d6a838c7784a7c44b777a4a4da105a488e3981af84d7
go-source	constant/api_type.go	100644	2a561c6d2bfd5b9b2d810cbd78a108f76702fd77	725	1714be3db7f779f7b7351f6baad477add938e54620676e9f81995333a70cbf57
go-source	constant/azure.go	100644	d84040ce78b368cd1dc92f17e27c64f05305d4f6	119	a4f73dcf801a80a47f72d1591e4eb6fb1c7ee54ff724142d6325632998711370
go-source	constant/cache_key.go	100644	0601396a4311e77f5b29c124dbe623dbf4ce03cb	278	e26b52cb0f2e1c50b47311ed72d4056a7915be54edbc3b706314f00673602482
go-source	constant/channel.go	100644	2a6c4a31c1384beee522ee58db7d4e729d1f59a0	8108	6407232b44f9941ef608ae18723840ac00df67faa0dcd3f07a4fcb30a453dc7f
go-source	constant/context_key.go	100644	b856bc3dda140c39637be7dfca93d4e58fc6edeb	3635	3c5c4a689bc55e5d089f0c396ca78d48935dcdde77fd8deafccc785a30bff446
go-source	constant/endpoint_type.go	100644	50eed0d1f478c7e0e899c3109a33696ecb4c1b30	906	a3b248b56f2e7944e482b0857ea9a4e1885a0e9362cb6efde442ebda0d8a2c4c
go-source	constant/env.go	100644	512bfc31126b0bda234d7d9c95e4a41ddcde8570	811	6a63886ab19fd5cab71fea047f0b3edb371ca2b7aa0b968674d98b93166f5c73
go-source	constant/finish_reason.go	100644	9d751be185768177447dd2ed1f789d017ea356e7	424	10ae61dda097d509d991878d4f21a7e30b95cd503bbab85d3f45c746607c7cb7
go-source	constant/midjourney.go	100644	5934be2f51638ed4775cc2cf7d23c277163440f9	1468	96059ed711e905c65a505fdadcd12919babddf445afffc9201f4b57bfe67df9e
go-source	constant/multi_key_mode.go	100644	cd0cdbff5fcf6116a0c1db88a208cfd52d3f51cc	166	a0a8c45bb8d8bf7b7112877524f0310a8aeb1c14a23cd6fbffbd9d2740caf54d
go-source	constant/setup.go	100644	26ecc88302781b9421f77efd6a2b0b2c5fbb0c11	36	5fef99572901933c1cf8bc7fa8678aee5c74f6c76d1a3c1120aa6e542ac5d812
go-source	constant/task.go	100644	ecccf4dfe119105a76e23e62fed8c2a1b7cd4e0f	562	7555becd0fe1298bc6bd13369d4b8b8abf23a2bdd12f32254479c62be57ba830
go-source	constant/waffo_pay_method.go	100644	b196554eb4defaf7d01e1caa8e8b2467f3867f53	950	f751054ce130e6261e8a1915b468072fa7ea851361e226b110dd92bbbaab7c38
go-source	controller/audit.go	100644	d6974b90080611cb741dfc50e3bad0c0ae5850ad	5504	01d6e4fc5c628ed8bb07576925a3b4223017a5ad05348bccd166849c5d7a9335
go-source	controller/auth_flow_test.go	100644	cd82daa846030a74b4d0cf9125933049f16490d6	11575	375dd9a53a8881a9828080a3b37c8b6d6dda1396a422c126062c7f72aa85f3e1
go-source	controller/auth_session.go	100644	3921c779dcafd441106aaf8e1a15b939f03347ec	6271	9293ce88d5a3df7fb30622954632d5b78e51962aa5d12c3ee4b7b3e4d5a1d753
go-source	controller/auth_session_test.go	100644	670d7ce9ff8f6292c862e07f575545ff49dfe8a0	5434	2b1f477bd05417aea6902659d460ebffa59c006638643e8bfebc38df68bf7de7
go-source	controller/authz.go	100644	801de76906976cd0b96c0c696b93e8c1b3b2d95c	628	31ed2e11720a26a731c85cb6cf4df515530ff5182887cf21d2259d022567f4fb
go-source	controller/billing.go	100644	aed5bf4f30f9fec05c6bc80121810806d0f4552c	2867	d936ab651ed90ddcc6142f23bf046c168bcbe8980ddb86cf34f790d65995b967
go-source	controller/channel-billing.go	100644	62982d2f5cebd9f54bb0af6ed4a1b738dd46df65	14203	eac79111cce5007bee11f161d677e7500c0ce1bdb81882ff0b87f3ad2e73f562
go-source	controller/channel-test.go	100644	f6e6bd7f11630b2ccbeb38a538acdc8d8c7d7cbb	33738	aeada9dcbdb53e581090f242b15938973f8e85c6f48dc0a3e58627621ccb06ad
go-source	controller/channel.go	100644	3a1e583289233da24c73173c033df4e2c52aa0f4	60410	69f24377d01c0b0462863e51e07dd67e7e9978dc70400ac4cf95cb849b36f83d
go-source	controller/channel_affinity_cache.go	100644	a72b04b8b9d6991ef6c288b2ed4a772b56d758af	1821	7355d74ff44eeec8b230776f374f4312de603e01079670ae9f53801e9638ce10
go-source	controller/channel_authz.go	100644	f85ffef92769d3f0e0fe138b48dff4e8f1f8fac1	4622	5aeedc331b0f5d42878c3b1aaf56a56fea56f49d0bdb1937373fde612e57945f
go-source	controller/channel_authz_test.go	100644	0a57eac50dd70b822522d10323218074761958c9	6460	f842896bdde04fc4fbf17cc39345a6981a969d3917f527e578bbd6dfb4982a93
go-source	controller/channel_test_internal_test.go	100644	abbd2d2370708116942c4c0b915206478bc41441	10538	1bf31860e10daccf5c52dc4a10ab293784f4c66520377c2f9ad198dda8d0e488
go-source	controller/channel_upstream_update.go	100644	71ab0e53fafe229aca9e32870f6fc7c3cbc8c12b	35081	876b982c3a02516ef445819e8ae6113fd3180f3de1051038daff128deef464b7
go-source	controller/channel_upstream_update_test.go	100644	0a524d704bdf0b5e51ec43945ec6e133da2f09fe	20908	180e84a85bffeaa2e9c1307aaecd177525f520429fbbd92c2b87eb46c195eb87
go-source	controller/checkin.go	100644	cc8bf4f96d7cd1aa2b86454fb7d4da0c6c88aa32	1714	692e87a8c13d6e2be41202d799c6c7acc5fbc14c43ad72440db45f941bd2b386
go-source	controller/codex_usage.go	100644	608823ea4bcbdeb2ae1ed3096df2d163870089c9	4659	6fdd5357d032ee79285b278a19c22d95b2cb0942ddcf892aad973efe2413a810
go-source	controller/custom_oauth.go	100644	8172e29718f3cc112d5a4ecc52cdb33f73fc3d0d	17027	db89f118ed576cad99630af3d511ce625ef7b2750814b9bc6084929e6e954e30
go-source	controller/deployment.go	100644	a2ffedc6675f552c60fc7dc0a052cf6dc111e64a	18929	bb498233737d9b5521473c6e34e7a7885fa3f89a26e0b509b5fcfc147a30c7c8
go-source	controller/group.go	100644	6ba339a3f9bdfc163bd3ccb6e8495b62976464c8	1373	babd820e6d0fcc008951fd1a96747a8c02a5f7318e933b4e903755007306b044
go-source	controller/image.go	100644	d6e8806ad8dd088d4b4428e8a19bebd659f75fd7	95	74ffe1ed98617dd3f276fef4d15aba51d0d5ac086b6b3af84e46774977ac8547
go-source	controller/log.go	100644	470c759fc1a1eed4f8e3974f258de41c1d55c3f5	4427	04f03ac714b52c44f46fcb4b10112284307a9b893bb1ea0944dfeb0403373363
go-source	controller/midjourney.go	100644	bf52314a75815af98f68fe9cb4c096e1d6ec42de	10464	a8e1ebfd7b589ff8f6f01d62740ef1e22b5fa9a43df386950950c3b75bf60a0e
go-source	controller/misc.go	100644	7343b12f10a352eaa5ccfe1d51b267e223f87a68	12801	50444e343bf613441338f57cdfceffa35d7469e2d5fee32841c69c1c886940cf
go-source	controller/misc_oidc_test.go	100644	09d83c9c66c4b8b341493bfc2cf417bf6f7bdafc	1526	9df59193542cba61c4b71930d674ce92ee8575920210ffffb732bff861bb02a3
go-source	controller/missing_models.go	100644	eddd8699d7d9fb4b58b5228d491847418614e3de	616	06544a8487d9d7f3082d32a3f485bf8a4ebd1160766969cc12b433edeed253b3
go-source	controller/model.go	100644	b32eebd7daac6cc790ec6dd57c3baa0324dc47c5	9746	c852caa4b8b8e72011b4bbebbdb08d92ba240a6fa16167c8a202b3a873ab7cff
go-source	controller/model_list_test.go	100644	b1fa9b956ce3b06e5252273be9576f1e5c63bbb5	16419	3ba7712be9bfd003f000d61382e370ae26ffdd1532fdf38aa00c56a4f62c1c70
go-source	controller/model_meta.go	100644	c3d9954677e7608c2512869d4eb3ab1436e089d2	8661	b75bcea42f58b7e0a8f4d06141f746b3a4a186f5834f34cd1fcbae69a015d8ff
go-source	controller/model_owned_by_test.go	100644	bc2ef32f135c2ec252cd3d6b1f8c52cafd91872a	2357	579f0c666f928dc846cfeb692ebf50f9794e100a6f23a3838f0eb5056889024e
go-source	controller/model_sync.go	100644	f254dc88ee5e1c2437a70655a583c87e17e0a822	17380	e24c7a7727c55580e142642f469054d2d9a47b6fbc5b3a672066da40b20d3add
go-source	controller/oauth.go	100644	90df0bf35f91048f1cf31144b0b4c7a4c442f89a	14018	1b27647a743e075a7a92df17e4d57a5426dcfddb3a57c32f7e0b1e096e35d352
go-source	controller/option.go	100644	940bb3069023a009fe5f92b2277eacc1cde6ae5c	10351	124b4f75255d1ff07f15de0740cc1e853063d1caa48175bbf0dfa75777fce891
go-source	controller/option_claude_test.go	100644	db9309935870fab5efcb269651b32b492ffddd1f	873	8040c9c38b77de503dd3604f5260d242b20eb7e0ae44fd5c002a864d22b5f841
go-source	controller/option_gemini_test.go	100644	60632be98b46060b2016c968eef16fd1f19855d4	888	cddf7f0070beb165e99c57c15eb2d576c07a18294a3a21a8afca79595c4869f7
go-source	controller/passkey.go	100644	198df804b8385c2d879bca592829f349b825f13c	16422	bd1df611a8aa56ecf2221d0c0e30fea663f07f878339251904d6af708ce8e0cd
go-source	controller/passkey_test.go	100644	84cdbf4ecb0f9ad1441118cff3a757c0d0f684d7	4814	c5d6fc26a620e4db83e012a1334959ae9ee8932d597ac74cfc1e9e65733bebb1
go-source	controller/payment_compliance.go	100644	831e43a3db14934af62d249dcee30a546b6ce7f9	2100	11d9712ff78896acbbaf4d89f691677e491c158cdcc2c9ccc6242a0f9ca9c24c
go-source	controller/payment_webhook_availability.go	100644	9a9bf35990b0d37d74551d39956411df0bfe736a	3286	815ea7e8a2d88795a568848f6fa18cacd7408b99c745367008740217cb554b14
go-source	controller/payment_webhook_availability_test.go	100644	ad69bb960986714175826b01b21c15a100bc3af5	6637	cfd6f0a6eb496f6361fec52bb21b03775341c268ce589d85fa09dcdbe40ac26d
go-source	controller/perf_metrics.go	100644	66d0787f2a92c70419600ca066516b5533465c9e	1787	f1e95619319cb4ed5189618b3e1298734505ea0c5d7774ef66a0ba0a1c6cc219
go-source	controller/performance.go	100644	69324475cd0ab689649dfa97f3a43d106b48ca9e	9798	8448810db8a578f409b66e48a9328839c13268e783edd6a4156d4eb312fa998b
go-source	controller/playground.go	100644	1c9c8d3b77d9e4f56ca3d741d5abb78212114219	1441	8637bf1e62edd7e8e031c4dbaa81c163acfcdff1ff2fce4067cfa39a7f9dfb04
go-source	controller/prefill_group.go	100644	3c990daa0681f30ee5a4a3f15c1e75bcb515bc7f	1943	a200a9ac2e384a4aef9245b31fce718e7172f2ad342bb90e6c79e865ba765d27
go-source	controller/pricing.go	100644	f2b7417e9d9b4dcd29d88f066bd71dfd5dcd8e74	4910	c2a8da84bc6dd92b456b1e5a7b64b24d9189ecf330b187991188b93867ad35c0
go-source	controller/pricing_test.go	100644	3cd47e1627386b1e551f3b779516fed896e9e9df	3694	710e16a165aa5635de7c8661af6771b14f6d4927f19e0b216922364c96c973c3
go-source	controller/project_update.go	100644	54dd391c91e52947b6c6cd5740449398d0793985	3848	08351972dcd3498e9c7f190a89937f4579a4fa546ed0858fc0840bc63520cb29
go-source	controller/project_update_test.go	100644	557a4bd700dc209e3f75421f1fa6da2989802c22	2474	3ee1c016a2af4722a8f19d1b91b96bdc89b91e827f0a0411e92efbfeead3e05a
go-source	controller/rankings.go	100644	5a7fdaae16b5770a25d0c0d5e06f33f44f3446bb	426	e108de5521fe240d505dae66c1e2ca836cf9838957d7d74867efd9171af140d9
go-source	controller/ratio_config.go	100644	b9b9d479a116f3f2cbd0018a4942d27f23cd2299	451	245b0e44557c26737f329c4b1b452b75d526d5e7482f6a4599ab5af20a63b002
go-source	controller/ratio_sync.go	100644	0001a60be7a15c38e86e6c2316cf79cf96970180	29741	364903de99cf1a224ff9a16549ef4bd9bf77ff13c5fdff8fd01d34e47751ed43
go-source	controller/redemption.go	100644	838746e7dd7f5df492f21029fba0f7a3e93e9910	4817	17010debcab1ead3253d8bff136e26e3ad4cff02420d1e7ca47c8bceba068943
go-source	controller/relay.go	100644	5a3213198998ad409d1df8ac760641706d0f6536	21921	264dc1b635eccf1a50c7ce7dab92ebaa46c112b62da4a36bb8349d93d2bc9547
go-source	controller/return_path.go	100644	55c348e2611fcee47d592f3efa76ed836a37827a	234	a587e78ab15209fa3a86985cc65c824bd1be139933820d599757ee38b7f3a8c9
go-source	controller/return_path_test.go	100644	f4f499b322110cec424b0db50595ebec226c15fb	621	56787eb390efda5f1aa2d13b33899bc1c154158cf297736ba4fb9356706da4dc
go-source	controller/secure_verification.go	100644	f4d4ba8299a639e1e094c323492bd2af9f828546	2371	470665fbe35e436be5e11efd8a35f13a198874b4ef6d4dd1c319af014fbdbcb3
go-source	controller/setup.go	100644	f6ee587e42b6fd75dca3f31acf1c7e9eecfeea6e	3874	b28ed55b600136c16c001da7a319fb0282dcc560d2e596e272befae3389567d0
go-source	controller/subscription.go	100644	22cee9d5392a45b4f82ba0343ab390047fe20db2	15535	0a34ac842348179dce82f38e112587a081ecac2e9bab0b7072feab4889adb198
go-source	controller/subscription_payment_creem.go	100644	a449bc190d4f7bde672196587d68c956d4246c32	3688	0f3f1e58c33bf6bdaba92db3622f93db0cb9e5e85c1e40ff79c5d8a4fd4fb68e
go-source	controller/subscription_payment_epay.go	100644	8b051e4c7a83dfafa9279f3b032d70078fc6a7fa	6572	94923ddeb099fae7c0bc13bdeb8ebbe93335a24a2220bab5497e16d6e8551903
go-source	controller/subscription_payment_fastpay.go	100644	e2022d2112d60d46874302b3ad8f1714f9c0fded	4119	cb588bef17778aec41686c5f912509e090de9cf855f08579d2e78d38da9e0acd
go-source	controller/subscription_payment_stripe.go	100644	07121e973b2bc5b0d87a2c299ce1ab1b595f9ee3	3846	0d6732e0a8b43a9efa2a6fda00340c4187aece3371af96de4acb4ca9e562f12d
go-source	controller/subscription_payment_waffo_pancake.go	100644	0915ddc6b2409c88b85659f7de7c11c11a7e0fef	4203	e0afa5f6f81254c2b68e97c2287b82cde0e5994c470d2137b8758b7e092f7418
go-source	controller/system_info.go	100644	acad2ccdbfab899ae441e8e093db3d179e66a7ed	1338	f2c5480ad09000c17ebb0575cb58aa5b73d51895741b5c37501b23ab77e7c814
go-source	controller/system_task.go	100644	884a45330c629052a8bc0ad5139722c6934b44eb	2186	02d67a6ab9ecda7d6a4e8cf35251b56fc99810da69964c22d3460d68bd01917d
go-source	controller/system_task_handlers.go	100644	c31059d148dae98d5834f56a51a7e0c77d7af47f	6721	f0a5e066171908f3f56caa216eda6e028cff14d2f852286a189a76371dc3162d
go-source	controller/task.go	100644	a80f1a687aab061a8e33ae71cd5b583098833ebc	2604	bbcffe64a03f9909a8c1901632096494ce07e977f239d4a64f3087f6ec6c0bb7
go-source	controller/telegram.go	100644	e738307ff8cfac1a424e45b06b68548f82eeeb8f	11330	e5edd7d3c13b6173cc5cb32c05cbb7cab6e58685ffceeacfb8e6883a9f61226f
go-source	controller/telegram_test.go	100644	506447241266a264c466e804ad9b58c46ce1a1dd	17022	a5931c5fbec2eaa223e87cc80c494b17bb4022d2f4e5370d538132f72194c28c
go-source	controller/theme_compat_test.go	100644	28cb823ec957ac51fa624949c7102ef0927199da	1365	5fd3a41c265f820e197a222f0ddb127c85f1e802198e367b2423ae907ad7881b
go-source	controller/token.go	100644	836e9b2952acbbba05d3e8c5af4458cfc21890ef	9283	970c67ee306628e1375fafab3533bc975a01e0c382ba5763f0032076d6abbd84
go-source	controller/token_test.go	100644	12b1cbdd84fbc437a25785c1ae9b85d6d09b4c2a	16471	19cf0130a56b875ed84e42719bc1e6f4146dd8b766f30e4227639e47bc758390
go-source	controller/topup.go	100644	6a85913ade66c63557826a00450ed4a01e5cea8b	18505	959dd3dba247e526e9f9a2b9135ceed40df066fe6ff15b1c96941c634cd0b855
go-source	controller/topup_creem.go	100644	7472690e22fbd9c1f72249dec9b016543edee6f9	17463	7c8b9eeb8085e94bc59db9b15583eec70696769db18ba24b65d1b5093fb5842d
go-source	controller/topup_fastpay.go	100644	1e5f30f0f06a8b76d65e7a3a2cdb45eceb3ba766	13585	c54653f5163df048860939d096bbed28fbe3d7d15c2573bea07d312f682caa32
go-source	controller/topup_fastpay_test.go	100644	3056527f23075c57051e802204925548b1525971	8389	02ebc6289d9a04a5e28467bd9ed45c0ac89d715199d71e2ded86d5c131acf180
go-source	controller/topup_stripe.go	100644	8a39576659e60ce840134719ff6ccba14b462ecc	16474	2781430c616f8cc901f1338100eadb1027dba529294957641aba7262e5ff973e
go-source	controller/topup_waffo.go	100644	fecc47b1afefc71417d7cf56c7a9644e4307fcfe	16024	9163c418646dbefcdefd906cb1f80b3648572b6a9580f621d3e9db3890ba927e
go-source	controller/topup_waffo_pancake.go	100644	beb73ebee6812e3dff0079e32c34076112c6c890	19268	3bb079cbdd61ef462a5b9f5b288bbfbe9ac328d0e9d39f733db439c556375705
go-source	controller/topup_waffo_pancake_test.go	100644	483dd7b793fd9cb5e9f3e7b79fea2572f33a5c8a	2974	da836bdd0c03d1c62825efc2465fe6c766b1cbc49237c8e989d0da5eb4cdc0f2
go-source	controller/twofa.go	100644	27aae855dcc2c2d7f942ce580273307cfb7e4190	13554	bf0b3891ed20c0fe040aebb7e206608972b0dee5d7f83a87030d93baba8e4760
go-source	controller/uptime_kuma.go	100644	2beceb426f8d41630b335bd53c610fb08aaee56d	3593	6e05f8570ea1ec777d1907ecc9ecbe84203dab1ea2bb06a7a188e658137de2d9
go-source	controller/usedata.go	100644	52c6287dcee0d09a3670dd6d38503a226842feae	3281	ba0e0e9b2c4432524c8015dd9f7a195e33a43c5624e42c3cc3da98c7acc0f674
go-source	controller/usedata_flow_test.go	100644	a5bc50113dacb2f002fb3625388384682b0a07dc	4416	750693423b0399bae60b12aa3626f1646cb6d2480678aad5ffbe176fef26d7a5
go-source	controller/user.go	100644	59aaf5847238397e250e24f4c7ac8958d99d0f69	42200	75adcddf04cb2be615ee7fa7086ffe72e33a224f3f4a7737ce556edfc6ae6c62
go-source	controller/user_manage_test.go	100644	1b52ece0883583ee499fcb00447e74961563db94	6311	0036b991bcc20ccdf143e2f8763992bdc50cca3aa797fbd97211ef2ab6147992
go-source	controller/vendor_meta.go	100644	243ed1862880bbe9da0f181c9118653bf454ccdd	2749	baa6f77d68c58e32512db0bb5dbc845cb4f6cd0d449bf2cfa3c52352b70b5572
go-source	controller/video_proxy.go	100644	996d084d88fa1faf97bc40494feb6bdcefa6d24e	7698	cb550afdd73974c4d48a199d334e2629fd14429eb078b01ce0ab3826d9fafeb9
go-source	controller/video_proxy_gemini.go	100644	0c76e33c709addb36a91ba175cf25ca63166096e	7652	59015998359478dfc102b1b26428f437cf838ff77dd1237b14562526b4906d34
go-source	controller/wechat.go	100644	dd185735e2df9961b503b553dfef638443c61864	3788	d7de0dce0f62e0b1fa33c50aca13e8f82185ea3b5ec03a8adb1487fb48d86515
go-source	dto/midjourney.go	100644	6fbcb3574f1f55d64a78f8b1763d2b53fe3377a2	3227	284a66c85d4eb15df5c044b4f99c41234d168e416086290e5760437bc0b74182
go-source	dto/suno.go	100644	90e11b810984356d3a323fb4af8450dcc7de9e42	3564	40c862b90b37a3e600cb3911bee3d36db11bdc77d6ba65782c084e0f27960d7c
go-source	dto/task.go	100644	4a9a8e2e6d18610f9af877f7eee98fb9e9fc80d7	1653	1ac7b1c5e9d2392e2c9ab86d2217b525290db0dc12868ff50e01e7d95648e11a
go-source	dto/video.go	100644	5b48146a23233dbd7e635d37892b15dd344827d1	4200	16dab3c6f98f0a7a14cc73e25d712843b4a1c98a2bae41b0dccd0d3dd88937f2
module-input	go.mod	100644	fa0632bca9f5eda5940c7437efe11c7a8035c689	6979	7590401e9a6ec417c91f1efcc7238f88d6947061ea107dc8da577ce612d0bd58
module-input	go.sum	100644	357374c39ca42a170d11db48ab863ebaf6aa6bbb	309688	f38ec341db7ad0fe27a39daeecaf89237c5cce008e5c980d500fc4c50534f09f
go-source	i18n/i18n.go	100644	b4edf2eb9cd3d0ef0753bd8e421f3cf3f71bfed0	6031	e77a71f66fc53e84149cb33802e5c5a3430a1201a5c027c029d11ee8dc7c34d4
go-source	i18n/keys.go	100644	8e9a4b5694d4b20903f6d2081c2cb07fb47ba13a	14262	7677d027d25c1a46c8dcc507985892406bd64494a96583deefa3ca6d251a55dc
go-source	logger/logger.go	100644	867d88322430db1bd5ca253b46e07f8478cf0631	4610	2902d773b5def0317c6b04291f839fc11ac43fe72c781b2797ec46bd95a1b72b
go-source	main.go	100644	1132bb1f7593bdfa39348ca0bd485ef41b30d9e9	11248	e859195150bc75be3879d20cb4b6dc645024cb24583044389087b2edcaaee64d
go-source	middleware/audit.go	100644	851e48358a9770bb5c7e8125923731df607a0cf2	6945	22ce69f0bce52ea90dd3ba0605759b10672de0bc792c9bf1345adf2e14cc4f37
go-source	middleware/auth.go	100644	2ad09a7a8d2ddf4537b0a004603f392908d71959	16986	c6f0bf2c6e232ecc75e65530e44150c717d610523473b0ac929d8352d1cefc9e
go-source	middleware/auth_origin.go	100644	f45686bd76b67dfe7d73187cd62c0d666b2ffbee	2188	decf7deab72acbf4663b360ea4225b39cd37679c0f805fa32374026d2ee0e751
go-source	middleware/auth_origin_test.go	100644	81f1dec0f3d5f6736eaa610ac1d788c838547a5d	4820	c6e388c8b02c150d211983f7b13e88f80d7c1744cf870e1ea6f020803426d85b
go-source	middleware/auth_test.go	100644	db7fb343c416846a3e64a2a81db61f0088c0915a	9665	99f9648ba83ff469e6e8cb4ab17cb6d6020bf04af7493a1523cea69f6a29c6b9
go-source	middleware/body_cleanup.go	100644	f7b7ab51a0f1c904b0daa3be3725f25d15c18d43	514	e1c70f9b1ebd9aedece6b79a864a4a1bdc60eadb6be6c93cd678e853ec2f2ee6
go-source	middleware/cache.go	100644	1a9dff877d9e645b1fd9b377a2f994d53f7882d7	389	9240e9eb680daa5334322c59f2b6a1fb58b40a4046c6cb5d3e48cde960f191c7
go-source	middleware/cors.go	100644	e90d77bdd34be54117aa984f977f96f57225c5f5	525	60be3ab3943d712a060ec49c164ee0d2af77bc404ca9ea6b0ba4070d84146f77
go-source	middleware/disable-cache.go	100644	3076e90a89c04c19952b73df81d20566f9743e3f	287	5960bea91274c1e9d1ded47ef12649a946655e88deaf0ab205bfc2af6da81e59
go-source	middleware/distributor.go	100644	bde639ddee5b1f147d77a93a3cec669f9638665a	20473	af4c6c459d62c5956b211b8a5983d7a93ead801a4e082043dc3102a2330dad53
go-source	middleware/email-verification-rate-limit.go	100644	49081b55d4663217df9db73aeec9465a204e3687	1730	eefe2003e4d2880bfb40d61f2e1856471151971bd71ce2c3f86f548af3b91cd6
go-source	middleware/gzip.go	100644	5e5682532f7a4588e80d36ce0e2d604a4aca7835	1729	319f7998d5081e97571f0ac0a3ca48ce4b865ebf7cb9b715226dfc51949ebf32
go-source	middleware/header_nav.go	100644	70aa1869def6da2ba09581a0da5734e5418a832c	2646	d02e76860694a8ec91a879f4891b44ac064181c56c0c3aa6b036c2e6766c02d5
go-source	middleware/header_nav_test.go	100644	6ed0b0aa96d3a0d908ea06fe936d56f15e423cc5	5833	900a843f35466df8a25e317328fd0d43d0f5c7d8ff8122dd59b2bd812c2d1a4e
go-source	middleware/i18n.go	100644	df8282cec68389020d7e2cbe2b7b6803ef2c5587	1451	9aff9636e931ff6f9546138bbd9ff0e281fe62b694b97b4391654303864447eb
go-source	middleware/jimeng_adapter.go	100644	3e3dd7ae52e01d52357a36956aab89b1e4c11055	1848	da9bf400abcf1c1f7b5d24ca8cc15358a60dccb8ec1847899f2da2bed7d48777
go-source	middleware/kling_adapter.go	100644	e200379c0c3413103d5bfa8a0b817278e5e9fbf0	1192	a57d1c6df70593be92120be760507b36e8378ae6694d243185f5caac07d0d2aa
go-source	middleware/logger.go	100644	151008d9f23ab80034d909dc31e2a48215fac09e	820	168e080bd2ed1f0c595054ce9e2bc03be193117b428905109a0422f2d0b5572d
go-source	middleware/model-rate-limit.go	100644	9f1d940396854943c1169bccb1e387ed6e07f588	6182	2dde1d82b401ef97638e0398c8005db98e826555e42bf0d1739f1a344692fe00
go-source	middleware/model_rate_limit_test.go	100644	3e9923fdac15c0a7b74b98e692e0ed93709a8b35	1227	6bcf6423fe40a9744afe4bd0a305d20281ef926fd2496c5eee2235aadb25f227
go-source	middleware/performance.go	100644	9cef7f4d152629fce0ebf3a2865891b0622fb671	2056	b654f854c1368d8d2c8de5da090f47b1ce936918c1f5c8c4c285a2672a100a13
go-source	middleware/rate-limit.go	100644	350ee8ec0718ccf21a5896a05a6adbc1e2bbe064	7255	2b66cd96befab3e87360dc806517aca598c7918131b093035aaae8fddf4d0d76
go-source	middleware/rate_limit_test.go	100644	1ca48372b49455642dbe2f52a2051ea7f1688d68	7771	0aa7eb036597ee1fa6fb5385cae70c5bf9f506692aa15062f48308edb8f4a1ab
go-source	middleware/recover.go	100644	745a61015dae3c913bcc745e2f7cc27d1fcbe3fe	700	b6c18499411adf2b754b8031fd57cf3d03776baecb1190e2f280f4e8097b4059
go-source	middleware/request-id.go	100644	e1bf315a45e0ee409318275c7f3290d938a7b04e	413	fdcce15bab0916b635a70e1b7ee965569b8de39dc0e00820372598eeb77b3390
go-source	middleware/request_body_limit.go	100644	3be0d901b99bfa517262047bac037c9c834e17f3	1077	5528153e3e6844fe792924fdc3855de0d468503224fa3e24f28505e098aae899
go-source	middleware/secure_verification.go	100644	53c47c885930bb8cc5996290045b623ed8d2bb63	1889	9830bd446e1cbff39dbfe688de5010dcb280bb1f1f06650068fcc46bc7491dc3
go-source	middleware/stats.go	100644	e49e5699170eaca8de02e4a5c74c1e06f91c2459	791	d1eb146c04f8f32f7d9c33b18382081c8f7fb7537ffc0f28b38672fd3f7b5aff
go-source	middleware/trusted_proxies.go	100644	bab8b646ba146c106d0c60e020a31331fce1ad94	1432	991ed3d5a5aeeba277a2172e6ab786b0af0b1914c3d88f07ffd866fcdd929ea2
go-source	middleware/trusted_proxies_test.go	100644	a041d351ab06726c9bba2bec5a123abdb1514102	4386	c413f9e49eca19d8e3f13d85974be280b22444bae7b87478c64bf17c8fba022e
go-source	middleware/turnstile-check.go	100644	6d7f1eeb732e5b9046200eceebd7916eb5222e8e	1363	96d2a1db2f0f6ce61007272505fbf22ee6d710aa308d54ba97e76b58e352b889
go-source	middleware/utils.go	100644	a4c981d1b61a1634e63dffd84d1ea3bd436b141b	964	e89ee946730eab6e1ddd00039b49d9f7be9d8abd05dff7c3f3468b48c2e05985
model-go	model/ability.go	100644	d950a6adbfc4c795135dbc378029355071365209	11222	979a0bb2ef7806486679d4494f5f56dc68563c8b0f5a74197f6f3bef29aaf873
model-go	model/auth_flow.go	100644	96bb72065a64dd2a9dfbe3f4e03e947138dedf6a	7552	49d4e8fcb86c8af571e00a1ed4b8b01cb8fea4a2f05aecc600322ec9b0e89363
model-go	model/auth_flow_test.go	100644	d8b19b179f859f0bb9baa12dbec7d7637954bacb	3539	6298414864bea43fde2cee9eecff716d04240714e1afdfb3037b6c1822070ca0
model-go	model/authz_role.go	100644	329eda92aebc0a139b1bf3669a9c2b694bbb87ec	623	419cc7b55edf5d6af02008410bf0821d7aa6937be66b272848c2ec62ef465e79
model-go	model/casbin_rule.go	100644	e5f07eeddfdc430e9c2ddebb85656d2a1601a149	931	0696274bbee3294a87aca226282400e9c951abb763cf744ec7240340d706686b
model-go	model/channel.go	100644	2cd7c3115ff61e8c593e5072c848564789e1b1a8	34307	d64883dc79dfb1ef17ef08ee8764351a6310627975d0c8283c5d4d86a9d7805a
model-go	model/channel_cache.go	100644	86c594384d50beca004eda7ac62eb3062420e742	11053	97f55714303d339a968f19c09bdc5a7565aa2743aff1c3627f6e45c78a5873a0
model-go	model/channel_satisfy.go	100644	681f1e69bb6e5bab8ffe118eac15f4530ed74a3b	1889	f91cb6c69f2b034f90596f622cd8b354c1cc3bbe0c2a0231aab06f6ec8ae963f
model-go	model/channel_settings_test.go	100644	7612e697080ff177e6858793be29fe23cf1977c1	2543	1f33bbaec6061825d7423b189a85c0ce8c1f24259087be3cb0fa8eb09d62d3cd
model-go	model/checkin.go	100644	93c94909dd88dbb637be045c2093d1e5921d7f32	5831	8e6fbed251110c598e26fe10b9225e71b075ea66e89236dfd7bf948bfb0da5fa
model-go	model/clickhouse_log_test.go	100644	d9737e6b226dad6907e0ccedd113d097fc99e4b5	5402	3ba90c291efdc78280cb968d09cb067814ac45454789a038bd64ef42ca4ab8f5
model-go	model/custom_oauth_provider.go	100644	12b4d11113d0f5cceed5429d5d0ca4bca045198f	8981	087e9befc7e4b59b2b15b6437f7cc9a9d4b90c2aa873e2f92c9b7b939578ee58
model-go	model/db_time.go	100644	e0bd1c9397f73e40cfd501a40a144f0e27b1b66d	644	df4cb322c69af774d2f62b483c6fe28ee6028af0b422f18ea082907759984cfa
model-go	model/errors.go	100644	187daa6567ce862690aaec3b43e7e6bf589db7e3	780	9850cb3d8ecd9df16c8375417f1b1825fa32e09fee8529f9f79357a02e53581d
model-go	model/external_identity_claim.go	100644	7c5ee1f49a623a418570e6fe31e3e6a2cb48f833	3863	7e97d6edeecbe51adbc7ac7b6972ffe6213473c9c9547943643d381dfdc97114
model-go	model/external_identity_claim_test.go	100644	b428628da770872ccd4b0289ec92c96e2621c070	3558	693a92c26262da7fdb671be3caf46b358b93385f4f66f2b9c90784362ecc4704
model-go	model/frontend_option_migration.go	100644	e8ac9f27e11203bd2e8ed485795f90a725e1f541	7493	1b473dfe0bb72f6851c7cafd4a62ed875e3a933926d2c7171089ab94fb03556c
model-go	model/frontend_option_migration_test.go	100644	130c1b116db70708b573f07333cc95d0b9f452ec	7110	f29205140e37f23b195e99bb921eabc6b86aba9c79578bc6b2a4c685f7522064
model-go	model/gorm_logger.go	100644	8143073023da974a015da2b6144c307bf0577d0a	2715	9ea4ceee5533f67db50f10104ecc1936156dd9d27e9963c2cf3c1126dd852738
model-go	model/gorm_logger_test.go	100644	6095e8beb3f94d4fd71e3bae92690e560163fd77	3257	9522a05368d182715dbb39a3014ae820ad0b0750f978006b2a4d339cdfca0240
model-go	model/locking.go	100644	8c6313b856690a08218c175994f084009498a32b	803	b398b55bc2713e2f7ab8b8b042d08018a9a5514fc940daba5717b6d1a1e80cd2
model-go	model/locking_test.go	100644	2443490e332b7edebcc4d4938bff0f752ce1d79e	1267	57788fb9ef0e960f107d1abe507879952c72e7eb52a39bbb3e2a2f9cfe4b2133
model-go	model/log.go	100644	401d53c435a50a634a946f7a5c356716f103d607	23557	91ca21972e3aa2aa9d8492c139e13ab9d4e70004c364d78aaa0dfaad097ab91b
model-go	model/log_format_test.go	100644	f580dda637afeb230d575e9c3bf4e98cdea37b65	1053	84b14fe3a6298bb450f39ba3d745a304e5e6c8975083a94ffdca1e237904a9dd
model-go	model/main.go	100644	21445593e54e5137fce5666a68c93c1a04060c79	25011	056a371642f713b3970512a0c7baad1a6d1f9941fa1c447553caabd39ce8d158
model-go	model/midjourney.go	100644	201f774ca38e46d1a9f0e7ab9ac0fb2f6c88cee5	6797	469d2209bf127a3d04685d4aa980af445fd6e6203cfa42444ded87c78e0f9013
model-go	model/missing_models.go	100644	18191ba680249aab4d5c22561c7d74897b25fa73	766	35164fb29e11e55dafa72faf54ce78f7c513ed149cc4e9f08917c4c81311e767
model-go	model/model_extra.go	100644	71fd84e7b1e984dae8451a8f9b24384ddc6527b2	632	396d3a8b4f472b610f7567b153fffddfa510633d4ea21a838d9cec2fa3d147a8
model-go	model/model_meta.go	100644	bd701e2bf7ebda315ef4d0d6a1a7092e457d69eb	7646	b28742afcfbb76fca1100b53654a5be7102cbbb7e12e75fd105c3d09e9ff9421
model-go	model/model_owner_test.go	100644	887663175730b216b47829932e263319cf51195e	4321	15b667165e55805b8bb7e036b9523993be1f0c0d1b396b1e7048370cab901c2c
model-go	model/option.go	100644	72f868e57fd40cfc94dfdfa59e2b86e414f655e5	27362	c9371870b5cbd8bd3173ce2e7ea8579c34f5f946939c6c495f5d1cbaf9b4b1ee
model-go	model/passkey.go	100644	5bb24d40459261b5e0ef6d2ac6a4b63035a4f802	8987	b704e6185519fed35965eccc994f42c030ac52bd63ee52c3a7facdf26e84fc4d
model-go	model/payment_method_guard_test.go	100644	7f4f15cc34ea309249f3be5ba2d3a6864f207dca	5433	63f1713fdaa6e83a856ff55e8f60bd2ee805b1a7fdfe5ec8b2f581308176beaf
model-go	model/perf_metric.go	100644	f9c33c8519893a9ae896b3b462e2298f65e7362f	4841	c4342032b9bee278aa38f01f64fbbd74db9cfffd78e43ce42ad7454d34937618
model-go	model/prefill_group.go	100644	cc2e64da992eb7a9ff6f9342b94964ccea27294e	3579	00ec345d94d5be71ed068a4812349a4d1f2e1b9fa829afc7db0b1d833b5213a0
model-go	model/pricing.go	100644	6dfbfe7aa9f7fddc4bfabc80719d9580ddf7f5a3	14357	a8fe35c7201aa8fa186127114533f08430b2e4b18cbfc6e761957f82aa616ab9
model-go	model/pricing_default.go	100644	f73a17fc42dc4125852bb490fd3c912ba9461cae	3095	1c607d48061ff8b4e049b7ce8664da85d7a7046283988f11130d69672af555b3
model-go	model/pricing_endpoint_test.go	100644	fa67da0e558f65cb5f6edc30782df7e42218603a	10140	29866609657219fcacaa1ba0afbd6f074549175a569164713e78918e079a5ef1
model-go	model/pricing_refresh.go	100644	cd0d75596cb6ba770906a72867a13cfdd90133b7	377	fcdcdd7a4a2caf266c63aa4d12366bc9cd3b8e8d2a66724d802c4712b55f0a88
model-go	model/redemption.go	100644	23985ef474b7941dceea3653f9720e68ea4875dc	6542	1b9525f9d1b3f4889bc8d25bcea907a77b7dd97747a41860b52fc967c3d702b8
model-go	model/redemption_test.go	100644	0ba2e8e8e39ff944462086465a0a72049eed9e96	5275	9b586dc1d4827384120b75087035500f0ef03c32f623eb0a16255db929587806
model-go	model/setup.go	100644	c4d7997f0cc5b09cee915fcecc139cfa6c80314e	359	8faba1584dc81f8b6674e3bfdb7ae88ca8c0bdb1bb4edada907324f6134d431c
model-go	model/subscription.go	100644	497fea147a80e532717ca257da775c5741ebe026	47238	f641b1807ca77753b4654e75c77601220b4d97d9d6bd0d66f3ee728f25756f2e
model-go	model/subscription_auth_test.go	100644	d9848c9715194561b2b26af1d6c57a60dca8c3f7	4905	12298b5cdac7f7ca45842d3df1557d6d7a436f0cc6e241286bb9fb288c148cb1
model-go	model/subscription_reset_test.go	100644	338f18a719a34b897954484ac800bd66fa92b2fe	8461	8f00d4faaec0db19f3256a7c60881efb4e110891acc4ff71560f2b207fb8e7f7
model-go	model/system_instance.go	100644	5f34364580e44663b907f5031dc35606e025c9d0	3363	b7985052c517d843487158c145fefd605fe4f8d199f682bce015fb35ee2388b7
model-go	model/system_task.go	100644	c811409b487df7d67c1ad46be7aeee4a38527fbd	13196	affd1de7643769f2f6bc3578e8880ced7f40b6e0077cd292bf8b414c59a7b3de
model-go	model/system_task_test.go	100644	ac5678f74b1af857772c2220875a7a56a0e42628	12755	60a88fa0146b8c6169ceff9701247052edc67ad35b1f50ee291033eb9af3d34d
model-go	model/task.go	100644	9a1783589a0482f9d2921c1b09e75de87e6fc290	17014	caeb554ed1a15bfee6d0f5f6872928264e7bbb26527919c998c3ae96a80b2005
model-go	model/task_cas_test.go	100644	a53804d3baab9ed40c32bd59bada0087511b11bd	6771	3f3d4db89a3207c8cfae0a52bfb08503a35e5101fe26c5b1b3612be6ae1c8743
model-go	model/token.go	100644	5d62258e79208669b650ae701c944ae6e8ad17e4	14685	bd882764d035468de1e9ffc90712364902ac785cdb7e7c57967d48b8ee5b8c1b
model-go	model/token_cache.go	100644	947f587d670c0cdfb0b52639f6ac33fa46328b46	1586	85dc108874cff78ae7bac7606b8f415dfbdf44ff143ff4ca9c3d6f5564429487
model-go	model/topup.go	100644	f2c28dcef123f30fb2f7c1b40b72f2d87fdbc700	16329	7575fbec9d9afb92e1e824e5df5fda9d4b59878d0dd1b2c71972325a209c62aa
model-go	model/twofa.go	100644	9f2f1f1b8458844b208eb8d307802cd7396b6cbe	12517	4082e1d4ddc6d2d9ad9d724f246daf807dbd8f7cc1d89b33c06e7b06d56a26db
model-go	model/usedata.go	100644	4190235bc2d927ead22154695b8c6a26b8329299	6769	6aad8bc02b774d6b0967f96c93f72ad920a93f9343a25815f0f485c9ab35b9bc
model-go	model/usedata_flow.go	100644	f417f5086abf3b6064e3d9399eeea86b207b29eb	5555	e248b0e41101bb5002af179cba23062b7abe7ef0c4f73d0a1f6b79a3b742b935
model-go	model/usedata_flow_test.go	100644	4a7decd25866bbd5655bd6007bf751f64ac3e37d	4957	73e6b86d30e5ebf578f16fff06a98fa6cf135e9d7873759098c1cb723f602164
model-go	model/usedata_rankings.go	100644	a16193d9b3e97dfe6836ffc6476ab84914a81faf	1911	633d99ef962c7ac3c4cee7238c6440e011364cb4575cb60f9cf809a82756caea
model-go	model/user.go	100644	b25de5e75efa9b793a94c804e2c0377984e99f1d	41961	e3556c52bf4fb0fc6c5d66663ea09e60d008fc4e16cf829592c7467788367727
model-go	model/user_auth_cache.go	100644	d2cdc8a7cc4d0caeaef5ae25a8739fe164d6aa85	9082	3898c5916ea8d31d52fe908a7985de9c2d47901578259d825ecfa3baffc034ab
model-go	model/user_authentication_test.go	100644	179232798d1bf58672728f6d71790c2d2d4775f6	11151	aeb112893882a7f246c10164d0eb73fc82bbc3c34c5945406501b721c376d168
model-go	model/user_cache.go	100644	aa72fc26ae5f9657367e34a930d13cd0dc5415bb	8700	c2bf1e789d5e22fcd29e263de5741f5f8ffca56a83c6ba1849a702823c1222b2
model-go	model/user_cache_auth_version_test.go	100644	769db103ca758b1e53b318d2e2cda04cee59b96e	7231	e6dbcb8fc720abb2adcf812de62368f420b4a3234f11105b823bf5b396196c96
model-go	model/user_oauth_binding.go	100644	cc337995bedf9c82f357c97853400c462300564f	5411	2912f13fcb7ac12946a75d733e37f0c02e976252beb017ee02021e3ffcd0a58d
model-go	model/user_pagination_test.go	100644	1164019fda9a7e078b2da6cd6c9fcdbd22755623	2189	bee363ce22d15c77fd77feb54f19c25739f675b5d6fff4135986aaf4af8e0e1e
model-go	model/user_session.go	100644	69162d2e7567ac9f05cd5c2ea2813aac13b9223c	29667	f3ad6dfcba3dccf7251b611f629d4b6981fb33ea077c111adb58b5079d6c3e7a
model-go	model/user_session_migration_test.go	100644	ab0545c1f3aaac8da449e71fff847cad33ca5a44	5384	de0d57e7c475d589f315cf41a92fa7f333cd027ab859975f182732968287a7dd
model-go	model/user_session_test.go	100644	e9e4e1b21db9adfbb868bd1b2e79d76acc212d6e	25618	0ffa3534d1177686ce380f1346d3857b4f6137a6b9d2599689ed7deb28fbc172
model-go	model/user_update_test.go	100644	c68d8f33c85af506c9f4d74d821d7c1e22fd59b7	6162	ea49286b0ac14cef880d6f86e408c91178d05fede24610f114eee24ce3061a70
model-go	model/utils.go	100644	b1793706493893e9b4fdcbfe5ac5c3a482f9d409	3081	98f166450bb9303980ce294c2d8b15bf437aefd8bcab214bb8e291879b216d45
model-go	model/vendor_meta.go	100644	2bb357f82a1fbdb4e2bed24e75ef0b4a1c9018c1	2610	7736fcda9f7f673f68aec659238a78277bcfcc575e010eff6c385eed7c616741
go-source	oauth/discord.go	100644	b626d2f82e5e72b7c136c5f1e9892a5fbcbce700	5528	fa6fbc5c19310371393ef4a8f375f807dded884920c44cb02a910507bfc6b43f
go-source	oauth/generic.go	100644	11bbb9b625f637d59d717d5c28f17087ea5f7240	19037	4f4f7528ee0f3bc4cadf067a3860913c33a6d84ae1b5e16d84f5608933fe5269
go-source	oauth/github.go	100644	314118a3765cbb46f3820865063988f6e1f4b9e4	5586	40b1e73bfd8466511d4a3d725a61c9e05dcdc12da7ca67e7f6518e5d4edd25e4
go-source	oauth/linuxdo.go	100644	1ed91e00999c1fb36ce50dbe3e1f3a651cc449d0	6393	712d700e378dd23ce50693ae917d912aa2bc89e28da5c204383ece3412fb95ae
go-source	oauth/oidc.go	100644	25874329027fbf03af34e1bef98e3aecf8063de5	5762	b1c0919dc18d21992f10dee2d55950bcaedd5d73042d5fb5a2d5da283a38cf81
go-source	oauth/oidc_test.go	100644	80f590aad76ec9c3727e5b2bcd295cf021f7581e	507	12de800a0faeef478e42259d378f831a77f4f791250e7a488466884f8bcd886b
go-source	oauth/provider.go	100644	785ed25d251bded76bdd4218fc5be4cbf14e5b2a	1269	73171a9e5079ae5095679a30cb437538c1f6d3718738d633488804a64532b824
go-source	oauth/registry.go	100644	91d19636459c5a106bbe2a3c1d192a353c45b840	3527	88fb9a8fa45c8f85e0211a2591a9a5b708f00a1f762c99da4c7fcfd7f22a6f44
go-source	oauth/types.go	100644	383e6f3513025dc03d99aab81815eb1de3c52bf6	1932	25b862541d3e208f437294d9342967128b48929686ca14b5bfa7263e7c6e25cb
go-source	pkg/billingexpr/billingexpr_test.go	100644	7b59ed2586812b27e04fd0754027e0797cb5955e	33147	d9911987545a4b6b8b7e0b2d0ecbe1f418eb7599a0b334a2bbb5ed0e7c4a9dc9
go-source	pkg/billingexpr/compile.go	100644	a6c7b8f7221aea6e4dfb06203fe445c9688741d5	4598	9d15ce9292e67837c0e4e0033e8d22d595426362f0bf49b6f6da6c597ec37821
go-source	pkg/billingexpr/round.go	100644	80d7d31844c5615d1bd31af8cd0a56a7b7d9b8dd	687	c500c6ae0f7275305283ce03215d259d1daca733b89362f31b98c96a4cdf0bb6
go-source	pkg/billingexpr/run.go	100644	7c0f2ecdd803eea8001dfcfc3a2d4fa2f0cb429c	4268	a2bbd8ef0e685a53b9455a42962779ca1f9a4933903d64f192b0d9a3abd0596e
go-source	pkg/billingexpr/settle.go	100644	f8cf937ae34bfff70c1dbea48fd67f455786bca5	1454	21a3ca66f46dde7f1d455078db0131e029ab496d704bd8bdef050d7aa182560c
go-source	pkg/billingexpr/settle_clamp_test.go	100644	4d765b23e23dc89b2243f5a1aa21bdff586b4852	2032	8dd678b532342b2356bbfc8d2940dff828929639a159892b58cf942a568e220d
go-source	pkg/billingexpr/types.go	100644	fa30b5c0a6000480eeb5ced8cf9b26e5d182f158	3146	739e5ecdbe57b1b1174523ef3129ec86a73d789f6080edfc6113438b2378ef6f
go-source	pkg/cachex/codec.go	100644	2e4957a848641cb92c65acf86dad2b7560cd99e8	1015	80439e223a467d91fb0c1ea6c9aec458ed468bfefcb6adb5935998b582bb1d17
go-source	pkg/cachex/hybrid_cache.go	100644	9df3cfe6498b388352de60226d161b2282c5df90	6127	5704f4b8360c597cc6dda23971fb40628b4ca23f5be093a126a3d9756438f495
go-source	pkg/cachex/namespace.go	100644	e6806bf2f9d7077a6716f9c033621822cd4090a4	682	c4994c1a8b6998e25516d81bd455cb9187e9ebc18acbaf3f86e55ff598b0687b
go-source	pkg/ionet/client.go	100644	e53947570c96f7db49ec2ce01ad58a24f8c151d6	5122	2ad55c2d4ba8524097ff93453bf11d4abcf28e26c4ca69cb81322e37c476286a
go-source	pkg/ionet/container.go	100644	805a3b162070d27744c5346071a787f9cfbd34d6	8465	663cd289e96f161a3b64b8016e9b5b0204ba016072c87ada32eb70eb8f722ce2
go-source	pkg/ionet/deployment.go	100644	36597399b98cceb3c058c6e509fd7dce391fb24b	11620	20b481956504d7e3a82f06d2591e05ca8c45bc7ad8f7fc7ad4ed9f8eec1eaeab
go-source	pkg/ionet/hardware.go	100644	54ccdb886feaeb92212073ff2474e1de65a03890	6024	f6a18e063c043796149df2f3ce293964d48fc8e29fab13f56a8c8594d38ecd6f
go-source	pkg/ionet/jsonutil.go	100644	0b3219cfe00bfd46c24ee6f947997d41d52f423a	2187	ea2d3694f90915af6ce9256ba843a54ca604326a405ea08e5ccd26be0caca00f
go-source	pkg/ionet/types.go	100644	7912f360d72b4e7311a3ca1b66ee2877ddf1a8ed	13782	9b14e89ddb53935316c70528be631293988b61449e5cfb6fe6464b88c077817f
go-source	pkg/perf_metrics/flush.go	100644	dddc247258525090940c9a6395432536c3d9ed40	2577	66b6b238f2072e46bb3effab4e41bc1478d0be524cb453f73baf561fe242a9b7
go-source	pkg/perf_metrics/metrics.go	100644	33b79ee478e9239fb561fbf842fe990c7d5f1783	11797	fb69d41fbd740b01888ffcbd2ee47ddb90083527ea7f4101b759c378d39279d7
go-source	pkg/perf_metrics/types.go	100644	f926ddce65c7f84f87032bd9c211a00635286748	3660	95b6139f677b498a3f6bdd496955ee49fe95a8d3c162d6b014e3975f7acfe74e
go-source	relay/alpha_search_handler.go	100644	23ebafea688364af227755130fe5d5fe0dcb088a	4635	769f3b0a4ba85ba38bd7f8ec9fcba0b02b49a4adbd0408f057b70150084b84e5
go-source	relay/alpha_search_handler_test.go	100644	5847bad06f2e47bee89b066eef9e6bdddbe6479b	1413	6eff1e29ec0732718fd5513e6b1ee2a3ca4a17bc985ba9dd9afd66feb8e173d9
go-source	relay/audio_handler.go	100644	bb9ff840a77ce3c712dfc4371c322ce94f154e99	2530	04f4d88ec9c71b2e7a7d22db8425112b9411223300b848f6acb725cee8a314b6
go-source	relay/channel/adapter.go	100644	3735b6ad22ac1b7ed3a074f5c42751b4b83de90c	4492	358f79be8c99b85c39ba994ece48b31c22e87cfcf35b1af58879041ef6baa711
go-source	relay/channel/advancedcustom/adaptor.go	100644	74af2d5ce1c857b22b3b2312ff78f1f4a890311c	19547	07f087f4b4812d0713ca6db49ccbc6b68638e3dc39dea692075ab33f7b865ddd
go-source	relay/channel/advancedcustom/adaptor_test.go	100644	5a11a972447af1642e807748f762ee5f9f98410c	26078	ac210e1201eba3cccaaf8a20b05324efb755dd0b97feb62d51346b2e6c190f8d
go-source	relay/channel/ai360/constants.go	100644	0b774aad201ad514b4db051a486dc68724dab1ad	65	5a06adfa7163846fdfbc282c1ffff646e41b836e48f4867ff674bde23cb69b95
go-source	relay/channel/ali/adaptor.go	100644	2cf4bf960e1c44b2a74d9a4c4c27db2388150240	9507	76da1900bd0e29f3421ec4102afe55e4aa9df7a9b2207169fea2ac9a633d1ef3
go-source	relay/channel/ali/adaptor_test.go	100644	a8b87140742ca48526205c8c746883067f0982a7	3540	41d2ab5eba1dbe0ba519c8652548e16352fd3782c100fd6ead63ade829909763
go-source	relay/channel/ali/constants.go	100644	df64439bc17426ec25e95ef38902a03fdaaa552f	205	42f5b12c987f3b1c7df76c7d57b6849918aad8669cf83d175a06ed9a76ab8ad5
go-source	relay/channel/ali/dto.go	100644	58df87617678955d412d863bcb08d1ee5c604d7f	7192	72a7ce4dbdad498785f58d5028afdec933848f40a39cb4cb684cf20c3e548c2f
go-source	relay/channel/ali/image.go	100644	6913fa346aa65be9ccbbc8ac34c9b00527910f8e	10030	fe83fc0a4e92917b6f753c9f20892dfb9c68538cf03c20cf1df423fd12c8ea70
go-source	relay/channel/ali/image_wan.go	100644	beaf9819e870de30435a7abdc8718cf3d52191a7	1388	3a9a620b36955e7e916c1fbf2f59cf20f631ac241e4a1dea84cfb92cf3d10602
go-source	relay/channel/ali/rerank.go	100644	ac2afbd3d3db65861792a5f630c80c3231007756	2054	708f0699b87ce5102a0ad715573ebbf19b51965237e613149a1f4b395b8698f7
go-source	relay/channel/ali/text.go	100644	eea13129756ed9d28e071eea33c4f0c454666a52	693	0db0747e8343e5aae60da77858d83c250eb6326e5d5c95668301a7d09f9a4d66
go-source	relay/channel/api_request.go	100644	fc2855a85bca77b6eb2ef42ef7357ad75329ef72	17426	4cd683145fae899fe88a27eeed7e6d8bf09884df69ac18c00802ab56003b95d0
go-source	relay/channel/api_request_test.go	100644	f697f8555692c0a00f85a69d6409c3fe180f9c5f	5789	bfbd9925229f88f8c8d772deb5baabee59d3ade30bfa6f54cf64cb7616efc670
go-source	relay/channel/aws/adaptor.go	100644	480aea3993f16b97350526ac6fd0eeb38a211f61	5653	d05443ab3fa4b385260574395d4ca810f211100c9fb42bed3c7a289f934379f9
go-source	relay/channel/aws/constants.go	100644	d24e02ebf16bd96fe9141ac86897d22559ba1fb0	4003	7ccfc9e5a9f4b8c0ad512d5290875c01f7c4cec951706fa393753091dd6e4a6d
go-source	relay/channel/aws/dto.go	100644	359d2001fbdab78b3f1e55f3de4f568f5e64e8d9	4887	1d4daf1362f5b34b73f80cf24485610c3b88b9e0840fc959ad5f83528bf4687b
go-source	relay/channel/aws/relay-aws.go	100644	c502364c6adf999906afb36881ca6c0390652615	11023	d910a5742655067609668979191db7adcb7f034e2a266a208d23371dd2584506
go-source	relay/channel/aws/relay_aws_test.go	100644	92745ff40929ff1312459d40e3d3f956124491cb	1596	d51757d656a59e3a8d23468a70d53b7c8e8299e3ee2aec24d45158fc31f0e6f1
go-source	relay/channel/baidu/adaptor.go	100644	e2cd794990d001bddf5a739f98c30e22eb760532	4877	0ae923cd2b2cbbc99217192ef63adbd684180528f7f4db4f1a535bb97f90b3fd
go-source	relay/channel/baidu/constants.go	100644	4691433025ca8173aa9961df52a92864bd75e221	367	511ea2a69f5e5e057ffa75b7948faad3ca13e9b5fb591b176f60d7c8ef2c9ff4
go-source	relay/channel/baidu/dto.go	100644	7fc940905c3165776a01b91a93dc61cfe3b7b099	2348	ea3a2839d0cb6f981153b1ba1933c53109c5c85cb7ea35aa5d31ffb5d8b08967
go-source	relay/channel/baidu/relay-baidu.go	100644	ab74edc10c7581974fdcc6828ae63677bad52172	7973	10ebf28279a54bfdce0fdf98a7803b5f396745575919fc733b956922bae473f9
go-source	relay/channel/baidu_v2/adaptor.go	100644	2a2817ed00747258b9da177d9a9fdaf4e2830d97	4240	04106d11deded54fbdb6f3766a301916601796d3402caa928930182d68fe76ee
go-source	relay/channel/baidu_v2/constants.go	100644	a7cee24890065c8e69d0b17aece08d8e9a019960	600	e030c3a6cee569c324e1a88b77ef019fed63ecea0d6fffe02dbe1ae0ac2e12a9
go-source	relay/channel/claude/adaptor.go	100644	bbd711ff2c7d34caff8031dbfde08d814e5bbef0	4139	54697805252c4d1908b935f72c64d7350f1260621b143778cce9cce1ce474839
go-source	relay/channel/claude/constants.go	100644	0e7ba8652a3882626af54acebcebccbc330e8397	1176	61196268f93c25c5b733f44ce1a57556b993caa1d1c481667d3d29902b93a3d0
go-source	relay/channel/claude/dto.go	100644	894158683986cbfc04586cb4ac74a649390bec01	3592	471573b07860fe85381ccb8d6ff77cf62beff779c8561aeffa966307261d2a72
go-source	relay/channel/claude/message_delta_usage_patch_test.go	100644	d698bf0a52d0a8f1473dd225a64d770d9835ccc5	5180	6f48c3b262509543f0e5a0c79f94c5ce186611743f6028d3af3694f87ee2252f
go-source	relay/channel/claude/relay-claude.go	100644	2f424b32abdd37aafb16f9c8d243dd80a25da311	10830	e2b5fc47187ab8f93fc022e272c322cc6b6dab4e928c5dcf3465a7ada387f155
go-source	relay/channel/claude/relay_claude_test.go	100644	3975658fa416eea3add1ff632ef2a7ca4ad69a2e	11781	3230787515e6a1eaf9820d2bcb9160933234c86829cacc3cb5209bc5c33bd7f5
go-source	relay/channel/claude/tool_billing_test.go	100644	61daf42ca6274a39c56619dc607ab30f3313cede	2457	d63e7f01fc70f45e850a426bf0cfc38a1abd989f30156a196063578136affd66
go-source	relay/channel/cloudflare/adaptor.go	100644	8fbbd286d6e29e86b2452890141b9cac86c368bd	4312	8fdc71959d700855f09deaf36d649d784f6b86d89c826ac0cec881a7d250bfb3
go-source	relay/channel/cloudflare/constant.go	100644	0e2aec2b5b8efef206aee6c1e1bf8e11fbee43fd	1325	1d81b807be7caff548fb976f38d7312ad68a004e400494866ad031474235a0bb
go-source	relay/channel/cloudflare/dto.go	100644	dc1cb327c6b5ef0f31cd4fe5dcdc028189d419e1	602	db734eee04832180152e21dd8624e5cf347839f1b654ffc808f41b0561da92fc
go-source	relay/channel/cloudflare/relay_cloudflare.go	100644	c982087871004204fa16955418fe06749175fd6e	4463	7ad3faee88215b4b2600ac904c87cbb04c505b6c6adff118505911fc35dd9eee
go-source	relay/channel/codex/adaptor.go	100644	e42a253ee74ff52dcaeae027c32e52178c977a8f	6687	2e5d8219f0dc901426cebab85a61bf3e3151d09482e3a9fd77a7f47c952b9bdb
go-source	relay/channel/codex/adaptor_test.go	100644	8bbb5dff0187dc229657ddb5f3435f3f12725384	718	1b3d2a4c5207f1e2b981bbe07f57f1ea0a1844761f252f4022a394e4d0b6b86f
go-source	relay/channel/codex/constants.go	100644	8e6597cd54d1d01e67cf95187795f2f2067bc5e4	502	fb15b8204b19a0c893bfca13e6d1c5a4929b1ab480d0a5b901aa66adac731bb7
go-source	relay/channel/codex/oauth_key.go	100644	bf143f81f82a6b0abbfede3c988ab18f8213ebca	798	215a234d412265a8d4c78d5a457d6daa5acef9c7876df8db945076195717fe85
go-source	relay/channel/cohere/adaptor.go	100644	f9566f95c2f167eb0473352db1fe3bda6fdde19d	3120	38f7f64d59f6bcb46000a43c7b344e416af55184c462bb221a4d85370dc9e399
go-source	relay/channel/cohere/constant.go	100644	f2d2e559bf83d5903ba8526ee4dfaedb67dabe41	388	0cabee27afb3334905795e77863f315f2c1e2b3e1f16776d78a2cdeb7c7acd3b
go-source	relay/channel/cohere/dto.go	100644	12ee179759f8f4a052c337de68a54756051c8625	1764	299d4f2230ef3dff3d0432d21866759a1189d4ac21dadaaa2854242704ace1d9
go-source	relay/channel/cohere/relay-cohere.go	100644	30a3038c136387cf74daf6fc26210a5cbdc12998	7555	d3707d7e4a91e174e22f47faa5197e4e3e71dc8f470a95e3cb18462335bad601
go-source	relay/channel/coze/adaptor.go	100644	7b2d35ea5e64b4878d9ddda0108b40b312c4ff08	4285	52916af8bfbd03e6b6f7c984cefa142cb3cfc5b0b50b70f3038dfcf2188d4a63
go-source	relay/channel/coze/constants.go	100644	873ffe24fc232c844233732c7a54b8050cac3c05	585	d0a7979dc8851e404b968b80338b3ee4caf8c4b0c36831edea27da173ea1a04a
go-source	relay/channel/coze/dto.go	100644	da01bbb6c387be3276d4c86b65ccf9a6d8ddc940	2851	126399aac776376120f307feca84a531f2038f9085b4cb853fe2ccd8fc6e21cf
go-source	relay/channel/coze/relay-coze.go	100644	923ec718c191f2df4f6985b969a99b1c392ad42f	9005	89a76fcd285e1eb2ee74100c834d20768f0257e29703b849e5b61b7d5505a914
go-source	relay/channel/deepseek/adaptor.go	100644	57c4c3ecdab91af22bac2ed8202a9e8b6f3811a5	5626	dacc899885acc030fe74c133b4e82696ae1781b6a50ab573089820bda8023330
go-source	relay/channel/deepseek/constants.go	100644	83f013305e58c9f22c614afe5afe040893122eac	255	93b9a3b2089a384b573171ec07c34228b0249f29a5c37ab0af0bc51c3de57923
go-source	relay/channel/dify/adaptor.go	100644	e8a274d75ed6774e5900d4ae54b7039987d97df5	3551	4bb2e4daa4378095c60b13865c6bc06e30028b3be2ec9fcc0fe5c6780a193e96
go-source	relay/channel/dify/constants.go	100644	db3e67c7993d8e449189c6fdedbeb4e280d2763d	63	89ceb8de9919fb09b980ea6d22dfaac48b7f3380d49368e02ba1bc30d48df892
go-source	relay/channel/dify/dto.go	100644	500941d29c3df3a553b54a02a9728e3c21b9a1e3	1423	e1a55863b83cdb0f352c2171871d3f4967ef9d62904a41d559ed3c4ef79ec536
go-source	relay/channel/dify/relay-dify.go	100644	2fcf2f5f2d58a1c3a99384e562a1c8fd0ee94059	9187	8fc4522c257a42395f66a933d8dbcd8c40d7810ee8f1a458457f95524fb3b4b9
go-source	relay/channel/gemini/adaptor.go	100644	c96ecca6fb7f30a705549b24ef95211dd58b281a	9747	17985d920cef21c422810ff3f293869915b488022eb598a06eb7c86ccbca2dd9
go-source	relay/channel/gemini/adaptor_responses_test.go	100644	fb0888d828444940ec17615f83ed1c59d1861582	5722	fb8b67a53aca273cc85b9b9ef2ed5509c470988fbd179c54438343597a1fee74
go-source	relay/channel/gemini/constant.go	100644	08667b9b548f8f8f548907cce756acedec36e5c6	1775	893cdc051b4d37ecd2ddc0d6057ceb53e3780e612156e373ae7906159fedb848
go-source	relay/channel/gemini/relay-gemini-native.go	100644	74742d666b25ed2e0d7d510f69b69eb6aba66866	3291	379b18dbdb315759003d87b9e95ce80009fde574b6ee374061966bf70d16eb16
go-source	relay/channel/gemini/relay-gemini.go	100644	84acea73c5856631ed551198cbccefe3d8f89c1a	19438	228048cb7a0a97bd8fc2a01f3ab9ed0d8728a003d5ba533eab8f1422e3cad3d6
go-source	relay/channel/gemini/relay_gemini_usage_test.go	100644	1ae34c13caf55aab4781193ff5d73669e41866c4	15366	633d96eaccbf64c77dc87defddd0d1d01ee3bc24e0deb0ba06b91b96427c5fe3
go-source	relay/channel/gemini/relay_responses.go	100644	7b3d746b27a1deeee8db767f1b3aad06f53031cc	6978	94584b210adb0ec96323e5b67a31c52684734e71f5ac9a0a9ac01b439c5767a1
go-source	relay/channel/gemini/relay_responses_test.go	100644	8484d69a9b266d0a343682c986c0e9ad3bfaa9c2	5893	be6f9237e5b238ba4d66d066d7445520af6f8321c090f78590547fcc73ae322b
go-source	relay/channel/jimeng/adaptor.go	100644	658d9236420d24ba8148adf24f96560c4c996458	5301	dcc1ddeb5b841b6d43a6bf8120171864e2abb761818d6f3a1ccf26d7f64a1a3e
go-source	relay/channel/jimeng/constants.go	100644	0d1764e54d11c39ad983e6d62e2e6f9367f1dd18	113	8130984955ea604375d1945317a69f9c1452cdfaad3330e540be1b7b37ec70db
go-source	relay/channel/jimeng/image.go	100644	888531bdd99d969d155592d39594d46a1da02181	2745	3d4bf6aeb17724c4d99e11812f69be714783267c191f26922d8beb59d8ade11d
go-source	relay/channel/jimeng/sign.go	100644	7c67531e414ea7b97618e57c8d6cb5ad5c880f6b	4737	daf88ae47aa6b830f4a2a38ed1f1e0179484ed92973670ea1bc700dacb50c004
go-source	relay/channel/jina/adaptor.go	100644	578745f237e2d6ae74aadf6bbbb34941ece6a489	3223	188fdec9c36bc3447586be1cbadf35605d68fc3fd3329f9853958a328d7c7136
go-source	relay/channel/jina/constant.go	100644	be290fb69aad52969191962193f584349717a555	145	483949515243e0636bb4b9a0d8716d7923db792f4be8acc73ec130b6274225b1
go-source	relay/channel/jina/relay-jina.go	100644	d83b5854b3eb936047eac15e83f2dc50c781ba35	13	af2332afc848962be1d99a43fcdd1c5399adec131bfd4ceb46e08219c1b9b671
go-source	relay/channel/lingyiwanwu/constrants.go	100644	a63450717357962f0397eeaa324460ed4c9f543e	271	35947768536a2f64149cf2e7661f1ad73f1b6e581f7822bc972e68bf13c2210b
go-source	relay/channel/minimax/adaptor.go	100644	70e0deb721ed2298e29f597a6c72bc466139e1f6	4408	4a77e31ac8ab60475a544c96414f69ed65537cd30ebd3d8a430fa6bd12acf9e8
go-source	relay/channel/minimax/adaptor_test.go	100644	41a70423f9429e09462f6441a1642f7567777662	3518	ec74cbd94ad5f86033c3045a20e144272307e0709b5b7bc4b3221b8d4f766799
go-source	relay/channel/minimax/constants.go	100644	efdab04c34c6428a602312b4156dc0ab3a1ffb3a	553	57296b90ddf05a755c4ab092b1bd1fb10255ba0f8be2372687d5d7a66a9f03b2
go-source	relay/channel/minimax/image.go	100644	c86cd47dba72a0518b1b3e76e55ed6ca590d1301	5703	d9ec5932aa4b175a0fc9c3fde0b283e661d4413e8afac64965516038c5958058
go-source	relay/channel/minimax/relay-minimax.go	100644	e86efc0f1898c4f859fcbde16a2f73881cc0b320	1020	2a408113901231fb4fc7d2f565979766b21dc1d6766bb5bed028722ddd58f387
go-source	relay/channel/minimax/tts.go	100644	b3968df5c77c70822c15d40324d2bd2933406036	5924	bf0855aa71f022d63bdfa31f5df1222c69c9e00079dc4837117024d39b1f4943
go-source	relay/channel/mistral/adaptor.go	100644	f9573be3b86e132b968e2c8900107a7a64ab847c	2931	776af04c24d913cdf6f55b99d00b06e50065ad40c3b9c31e72b542c05547b68b
go-source	relay/channel/mistral/constants.go	100644	7f5f3acac6015f692c761a1561b42cf805b9a18b	210	cfd53c8c80d2c6a68163ad37206151432949e3bd43569bbbb3785f3e4e3832bc
go-source	relay/channel/mistral/text.go	100644	d2e6ef42d5115a19da4487cde035aae1c9c43232	2324	844d8c937a8cbf9bef82b3f8bee0e5f7775261522ddb703ea86e044cf1dc7ceb
go-source	relay/channel/mokaai/adaptor.go	100644	ff061b352a88073eb290dc7885e80532b0b9b2bc	3288	3494070e5534714ac7bcfae656806609f8c2e782d4d9ee0f99dc2d12141532da
go-source	relay/channel/mokaai/constants.go	100644	385a0876b368769fb1458780e1e1ef3107011961	113	3e7bb8c33cf86d9679c48454db3caf6e1cbe8dba639c021fea95f46390844130
go-source	relay/channel/mokaai/relay-mokaai.go	100644	71780216ce6b243e5ac6d0c06f8fc65aa0ed83e8	2560	9f371e09726d1a30bf6d9c197533bff6df01b0de7aa03a5d7b098d77d8a20d83
go-source	relay/channel/moonshot/adaptor.go	100644	04948647bd3ac9f4d968ccf5f94570b19d285a2e	4688	1cca063717c91051b53766a7129bd69fcf2e508d571a6b7efb350b9f1db6b888
go-source	relay/channel/moonshot/adaptor_test.go	100644	2675a92ab7b906c9916363e31382817ecb0677ac	1933	64af5e5924ab794cebc58e62fe0c59d51ba6374c2b0142e4570f6731fd69f9c7
go-source	relay/channel/moonshot/constants.go	100644	b9d970d2d6f6366412c71608ef4d75abf1858c01	189	f118f3e8bcb7044287b66f7ce3dc01938740b543bc9bc181b631c0361e01d4b6
go-source	relay/channel/newapi/adaptor.go	100644	4ca20a50d04cbccc7d0b76dcb74516c15488bc57	3918	e39fd84640264dc3209323d68c9976bb4adb02ceaa1c1dfb9e6de91d5d9bde2e
go-source	relay/channel/newapi/constants.go	100644	19da069bc69e33e4aa8ab3f5a1d1e45b5031b4dc	160	6cdb43e2f0fe012438e49612300d3713483217cf0a5f71e3a01f2b9f9a21a120
go-source	relay/channel/ollama/adaptor.go	100644	998e438f59fc47ff5e25db268ad239fedb00d08c	3775	cbad329a9494cc12d9b7a4d9d23006011183e68ff5280e04d5e6875f01f3a7e2
go-source	relay/channel/ollama/constants.go	100644	682626a261ddaab392cd1252ca7e5ecf67af5356	86	779586ba39fbed3fa816a1b0400041c385b2cb9eea2db13f7e9fb399c85b594b
go-source	relay/channel/ollama/dto.go	100644	07aeb17a75c638060a7f06da17286c7b5d46412c	3446	4ac2a5ac32bc9560c5d3dd6590e82f3e7f668cafd2dccb77c0da186aba3c3c9f
go-source	relay/channel/ollama/relay-ollama.go	100644	874d2e9b32408b7afdb67151070fe75041ac760f	14213	429095af73f6abddcfc1ebcaeaaf6acb456a07a9c34257f6f4621fe70264693a
go-source	relay/channel/ollama/stream.go	100644	20e36015ef205723e86817b8a8edbda4a09f69f5	10536	0be919a833cbc3d3712f74c9bfba140a294c6a5a48481515e93f6e18ab187b51
go-source	relay/channel/ollama/stream_test.go	100644	8ba58b191857726777e66f5d15fbba6bd9a1c3aa	2647	668a24f6e57bdbab3c1bedd4c5eee53d36bb48dd1545e20b3e8e9c8952472fa0
go-source	relay/channel/openai/adaptor.go	100644	354900713d4840eada6edadd8eef174033f7ff60	23792	f86e9f6d7c9e2981f39a2a207653bb92fcb526c252a77522ba754034c5700600
go-source	relay/channel/openai/audio.go	100644	f17d918a84b944b740ac46a21fe80ae63bac7dac	5391	f0c31a43c75765b1b9c3b77eea290dbf76d8511388d6df731da3353710b170ec
go-source	relay/channel/openai/chat_via_responses.go	100644	25caeb5854bdc42bc0eb3816e644e20537afc0c2	12177	6373662628d1a5ca28b69bed68566a480a448c9df6d40a89ac38fe8ed4d8a9ad
go-source	relay/channel/openai/chat_via_responses_test.go	100644	df83b1d616b92b61699bc09e39dcb4b5bf1e9196	9711	b194a39306951c0562e10656dbc2bbaca76bc43120922ff364639804307930ab
go-source	relay/channel/openai/constant.go	100644	6bf2cac1c652fb5fea61939bc4e3924b0673aef9	3593	b82560498c57b015b7e692e47cc7e958aab0262f049b1c097df978f753003ba6
go-source	relay/channel/openai/helper.go	100644	666235ff5633d64aa1203be23f8ab26f87eeedf0	8272	a1b6852eed4db4ac5345af8bd34ea3ef56cb30180f6743a915ff9def47ecfc0b
go-source	relay/channel/openai/image_edit_test.go	100644	0d1a9d851ca8edb904d2eac9e2698953ec48aa50	3413	e1fcb028ae380ceada064a65be51bbe939f47a6ae423ade5c40f4edace579b9b
go-source	relay/channel/openai/image_stream_test.go	100644	1adde5c94c9a76268c41d2b395a79e25c30108a3	16704	4b84d40b48929961e64addbc535bdfa0795bc8ef177109339882164e2b83d047
go-source	relay/channel/openai/relay-openai.go	100644	9a0619eb27f5e6cdba818d015a4835969f07882f	11850	7869eb2087724ef6890ba0a5c2bd430a13f5255bd977ed8be93edbd486d60f2f
go-source	relay/channel/openai/relay_image.go	100644	1e6be0dd4cbef13c0ef1f7756a7263d183e0ae4c	12685	94aaf56c3c3bedb4411c21ea33719c9b08c33a4621aadf57be9535799d802912
go-source	relay/channel/openai/relay_realtime.go	100644	bea97780df1b096fb5fc0633b5357af068006a39	8356	68c2e7eace21732183cafa7335123a433c2036c60a848725ccae59ad5beea423
go-source	relay/channel/openai/relay_responses.go	100644	ceca1af3b381c07831e4be9dd81210fb21acf7f4	6420	7ab37c772d9824151630c4ba00d084dc6104a3e0062f55f7e61f288a01e904c2
go-source	relay/channel/openai/relay_responses_billing_test.go	100644	0707ddf596831e0b1bfbcaf2e7e7b6d2573e9a58	9229	5702f0b3b519128f90e95aaf76db4e60d3cc1c15ca42a329cbf0abafa43b6fb3
go-source	relay/channel/openai/relay_responses_compact.go	100644	ff30d36e417b3db829c19d71e1022b87909560f0	1523	ddd5f90a68c4c848d41359f2f22960816cf86c95adc222db3db6b39f19c7fd66
go-source	relay/channel/openai/responses_via_chat.go	100644	53b9d33cbc0e025d6fbc56b40fcd70f3eceec734	5761	38c2d40a022c1eddd702f1b3a1512449124e8658367514487ba42725313671b7
go-source	relay/channel/openai/stream_tool_billing_test.go	100644	c79223631f15d8cf9a31d74e7fc4d27b0dc18b47	1038	ff71272871a6c523707178e38a83889a0dc812be05df95a711552054897d0d6d
go-source	relay/channel/openai/usage.go	100644	cd43f535401c3630150b6aebdad8b7072e4b96de	4201	75fdedd8e621e755b875009d0700537c432686a0e69d765d34007f1981dff7ca
go-source	relay/channel/openrouter/constant.go	100644	0372eb9a2c8e876f6b8937cef1668fe3ace8895d	79	0540cf7633639d1461f0e4646177c6010d74d561e1c6f4f23c98a32ba3bb9887
go-source	relay/channel/openrouter/dto.go	100644	73a1e445a4d4e5f1b61b36da1efccb9e6cf50a56	617	60b702cbb6346d2cea5958f6cc6cd45f46451f13ef2d76a76118ef1df5cc458d
go-source	relay/channel/palm/adaptor.go	100644	bd1a3898a149ab158e8809123172de1b1f12d21f	3007	291125fd10b30cad58c348136b274e622512375c72cbd63596a64aebc0c428e8
go-source	relay/channel/palm/constants.go	100644	b5c881bf19d1990a3d19b87feb4e639352d9598f	86	a174132b1e1ec000f9216a65693eadd32ce277b58574134e3388cbd726defdce
go-source	relay/channel/palm/dto.go	100644	66b86a78f719fc85edcf1528c5343f617f26a3cb	975	43a8c0ff755cb6d271e69183af16dccdddd7bdcbcc306d319a0163ae7fe42261
go-source	relay/channel/palm/relay-palm.go	100644	89ac14c7d010bb29067e98b60bd1480c71546643	4551	160e5f4073ddc76b5607de66559ba42ea1f65755719cbefbba07398b4e7b0a29
go-source	relay/channel/perplexity/adaptor.go	100644	886f541d0f753d37cb20674722a9cbf9a1caf4f4	3142	4bf9da3b6f73ae8a68159a37e437e0cbdfe6f7ee24034596f077b4a2d417175e
go-source	relay/channel/perplexity/constants.go	100644	d37c3b8779f607ebbe7f341b6d74fd29094bd836	327	e6d6ac7e571d620980ff54d0f85f3de30e64d6404101bad1df01376942eaa081
go-source	relay/channel/perplexity/relay-perplexity.go	100644	0dfa8cc4f9d2cb635203be8c776214eedd9f8922	1136	121091152ef262df77b18db687330ee1df4f78a2f55c139cf97faeca06d49f97
go-source	relay/channel/replicate/adaptor.go	100644	fa548321205514b4696bf307733263de6dc57b6e	14800	fb121cc8eda691cf4b8fb88c2324aeb8bc4f41d9b7e0e65b0da49a4d091a8ef9
go-source	relay/channel/replicate/constants.go	100644	b047bcfadc5094564b6a1f4ca9a89d6356c7c76d	287	9345c6ba66192889666c644c5d983f9b2149d0ddab93de2438a7967f9b6f5c46
go-source	relay/channel/replicate/dto.go	100644	2ff06dcab7410b28c6478bbe5e4c429402174214	398	6d546072543e762cee11957c113a079ac9510b572ef3aa69cdec2dcb5ad5749d
go-source	relay/channel/siliconflow/adaptor.go	100644	fd3376c01d673d60328d0812a17353eb71cba4bd	4130	0e3e5b29fa026a0f8156b9729938131cbf6f97800dc56517c4eb001e2c67ce3d
go-source	relay/channel/siliconflow/constant.go	100644	fea6fcd4896b1e6e52e5c4029af8ec472a533c81	1522	412ff333099a498fca0952c94073e3b501aa712796bb9aa3e33cd7551c10bc12
go-source	relay/channel/siliconflow/dto.go	100644	3f675c2e091f596416c52e9b512364ce085da4f4	1054	bea3ca8a9c0a0af55be40b003143ea3d0b8b203515ef20462d5e4514026afbc3
go-source	relay/channel/siliconflow/relay-siliconflow.go	100644	35079eace36e80968ce228c6db1684625d87e88d	1513	88b93932ecd113e6f5d4cfe3b1053664574cf26d59140eb4d6904d35e07b2f83
go-source	relay/channel/sub2api/adaptor.go	100644	8fce5af858379a1503cde952064f1599089294b7	256	e3f7098abdf1c50a6f2575dd659ada47f32f9b28619916d5037ae1f40de680c7
go-source	relay/channel/sub2api/adaptor_test.go	100644	4ce3912a7bb94357385557216d8a202c5039858f	1365	35972f22e8e67e64fdb1419678ec5d36018795d0c07bbbbd3653b7d543bb475b
go-source	relay/channel/sub2api/constants.go	100644	e18b12e2bd7bbcf83411eff1801e66b964daf950	162	ee6e5ae873dae96733d0f80c922d9d8403dbdb239e013a6967e74d0e91e2459c
go-source	relay/channel/submodel/adaptor.go	100644	10ee770be66d4fcd12c551305adea2a1956b69ac	3018	888d2c491a9938c67618b2cb56764a1f8302606d40a063b8ce49731d3ecfe18a
go-source	relay/channel/submodel/constants.go	100644	72d6fee3176d21b1733dab575db4095136dd9dbc	407	ca6e09a47461769b17b5aeacd74fe4ad0350067291c612cb98edb532f48725e1
go-source	relay/channel/task/ali/adaptor.go	100644	7452c614dbdbaa4b2645d6aeff7ba2182a77c611	19455	920dfe61edfe120af78fb3a537e94f5b4f4f2338058db2e04b058c6e209aa1a2
go-source	relay/channel/task/ali/adaptor_test.go	100644	a7c414bfabf18a82620c4211095401845aa4d383	5206	65d1d50d23a5bbdb523baec4f1b2dbac9225eb6a10e85672516983d51ffc4e85
go-source	relay/channel/task/ali/constants.go	100644	349f656058e037bbb3395739f973f3780089dd39	508	e78d27f2b69fdfcf96ebcd17b8a2c0917c7d3a7d153c645c9b80ef3b5060994d
go-source	relay/channel/task/doubao/adaptor.go	100644	69302a67629000fbfa896eb812596ea657108d4e	11430	cf0b6e9c0fc49a0579679e64d9b5bf5b3e78861ea528d6f99adc75347b7d2936
go-source	relay/channel/task/doubao/constants.go	100644	a2035fe2547c4ef746ed06936eac4268e0a25e37	2059	16046f3fd48e05d957a64aa63fc74cca0702a05ad92183e19f20d41688b83c9c
go-source	relay/channel/task/gemini/adaptor.go	100644	2b1bf8ed257616822de544f0e80073d338580122	8532	2ac98b4912602f2a33fdd57883a539edd0aff2b429033e8a8ef5d14613521994
go-source	relay/channel/task/gemini/billing.go	100644	d3b981b909f14070ae821427cd3c005e26d359dc	3680	2c43c3f8402d5bdd297cb3f1e4ae34907da23b46b261f64815c22e7225f360aa
go-source	relay/channel/task/gemini/dto.go	100644	70a13feec4fa150545a9efdfa8f0be958bef2772	2621	5ef4706bd5849dada5846004eea765aae5c489403f86b620281ff66eece915f2
go-source	relay/channel/task/gemini/image.go	100644	da11b47212858049395f4490bacf1fa10f278494	2307	8e26a1bbc9bcb10a484ed088ef3240932ba0ed05af3f775ea3cccf58a3de83af
go-source	relay/channel/task/hailuo/adaptor.go	100644	af9f5c57c52adeff97c047c640105eb09fe720c7	8321	69a83cf5f0933179d5048c4efd65fc72bf297ff3d35b7c42ec39ec9064d90456
go-source	relay/channel/task/hailuo/constants.go	100644	5e54086374f968a032f7afe28cd4237b04afc106	909	2c56c69347cc0de41efc38ede0407fd63d8d82cb950ae385842414e3eade47c3
go-source	relay/channel/task/hailuo/models.go	100644	09a97766f15d6d0bcafc244c67d500c0e546508c	5550	6a27192b50cabb42b697b3b37f8a54b7c2b5ab22eb5ff2f2e87d7be31e97f814
go-source	relay/channel/task/jimeng/adaptor.go	100644	5e788d3415b56cfaf69a12b6190b18b2c39f2538	14679	3bb73e15424edf05ef1c28d5d421bc79fdd6c339678d2dee5ab0a520192b680b
go-source	relay/channel/task/kling/adaptor.go	100644	200c3c6829ee8bbd5af72009c34a237a42cf60ba	13075	7b4ebcc257486a29e3440f89269448e8d1b17bd3e8bbc5fc356bf026ec15111f
go-source	relay/channel/task/sora/adaptor.go	100644	e9029aa20d469b160c30ac86bd2d3e8fed8794b9	9734	a579b85fdf9f7f84cfb434f981a9f66e2464da58208987ed803ee7b997f6d5b1
go-source	relay/channel/task/sora/constants.go	100644	e2f6536eafcdc1efa01545876b24fa182be13424	94	f06fed0149472b5a304b755c89e4bd6f0116d2f3b6304375182924be496e1bf3
go-source	relay/channel/task/suno/adaptor.go	100644	35b5e423b7ff65d189443165cc96ba558c29b670	5249	178432fbc528e18ac5c400a409dee20358a783d51ed13f69db64af81f16b6627
go-source	relay/channel/task/suno/models.go	100644	967cf1b1d7c5a7414fb6fe8d54c6251fe1ecebd8	98	4f84a6b490739fa85277102c1282e78db5f03cab93f32cbf6fbf39fb5201519d
go-source	relay/channel/task/taskcommon/helpers.go	100644	7d1820c9de83ebe9f73adb95180e453460f3512c	3077	03fd0f39ed7103032bf8afccbd231c55aef2d208ac7e3fa374e53880e1c01e8e
go-source	relay/channel/task/vertex/adaptor.go	100644	d73c151c33c38e46126f0d90c28313988aac6e78	12928	efca93a9e9450753b8230af19e57884753f3dd4d888cbaa5a7fa23ccb40bb9af
go-source	relay/channel/task/vidu/adaptor.go	100644	62e029bbe88ec9e5315ce3f76366fc616d77f63e	9217	4010391173b14e0d2c2735eecaf98130099fa1f8e43eeb8f68cab3db4c5d078b
go-source	relay/channel/tencent/adaptor.go	100644	2a8964bc29508f3acb209adac12d71046ca6ebb4	3610	951e31e0062800f160aac393cbe0f9dadc8379e9557f4792a28305c1486ad5a8
go-source	relay/channel/tencent/constants.go	100644	d4d9cc1f4a4fd7ac4477d668fc8cb7e413f57c5c	154	ecdacd52ca65003d49042ad993f761e56a082724ec1b469b9cabf3e95a0c7a9d
go-source	relay/channel/tencent/dispatch.go	100644	76ade5ca38fda872269a1e33422d1e1779001299	971	29f2f4fd52a485d77f5c768b498fb2c81e87ef40a848bb4898c6d1b170fae8f3
go-source	relay/channel/tencent/dispatch_test.go	100644	0c93d777a78e1e90ab32eb80ea34f5dd36a28d15	2007	90494cab2643005ca214a137c28e984f60d33dee3760a1f1784d460cafd54001
go-source	relay/channel/tencent/dto.go	100644	65c548a964f282fc80f5efe9b7ba48eaf3fe7b45	4196	0b8784181a7024cfd16fb9ee0f10b2a2142dd94aa93f0b81c5142bfce4a85106
go-source	relay/channel/tencent/relay-tencent.go	100644	611c186defa7366f3837217c135527c2cfa8a1d8	7142	626ed7e0ca248323ad867e9647c7f0e1f1ad2e35b3b43a6c61bbd881029fb00c
go-source	relay/channel/vertex/adaptor.go	100644	c60d75d29f217615dbbaab2e35e9b3c90bf1e171	12873	bb115188078b4f00c77364cdb6eb1d0fcd1223f1cc0b64e6e2eeb88bce1c54b4
go-source	relay/channel/vertex/constants.go	100644	c39e23d1bf3d0567d747426dfe42e33b9b59bf91	374	1f6e96b9fb6f42aa5e07e0218a143b041c02a3af041dd8073fe9e02d69c3b1cb
go-source	relay/channel/vertex/dto.go	100644	7beab9ed0c67580eb2a09d6cbe7eb8ae507f4afe	1609	da734cc9f4f3802aef4964b04f7ffe9bfb1e9a7cd16bd19cc387f72fa0969684
go-source	relay/channel/vertex/relay-vertex.go	100644	c5103a977ecb2374432c60d32f552ec327e083fb	483	6b609d372d7aec0a2107aba1a7659873c8513b6910234db3d5858c11acc82551
go-source	relay/channel/vertex/service_account.go	100644	6d5fee0d94fc21890fd34bf3485121f90d70b09c	4999	beb27b520e8c4393b8437363a1711dd315f9af8482dad8833a7ae9a2f17c7b71
go-source	relay/channel/vertex/url_builder.go	100644	0fa834393aab3772ba1a5e2782f000d288241004	2546	e27ef1ddd339ce756a7c54affa9affac6129f143c94d04b2dc491afad4bfd495
go-source	relay/channel/volcengine/adaptor.go	100644	598949368e5fb9d663e52bbc0c5db27b5a5e7ab3	12669	265865fe513a6ab62b017bdedf4b1397f05732efed6622eb8b0283d45e8b8b22
go-source	relay/channel/volcengine/constants.go	100644	87a12b27c9d3909d20a18bb5311ad39e44d31572	401	0bee61f4c1820443c366c648169d13806e1824970290f39fb6110f52f616f046
go-source	relay/channel/volcengine/protocols.go	100644	fb7dcd578cea13318b3d50bafcbf7ab9c83e23d5	14071	7698dc8ba63b42ba89e42bba718e585a1d9105244e9ab5c51b87cfc6dcc6f36a
go-source	relay/channel/volcengine/tts.go	100644	6ea282757b4417202d9f30a17333b53885757ec7	9345	8cf39df7eabd692eac2d72ce31043803597d4372780cf7d31ad36f0ee0a1c077
go-source	relay/channel/xai/adaptor.go	100644	0db042f06ea5ef2b8c15a5c20d671ea938fded15	4510	cdbd3d9dbfee9e628cc3d94ff49d5b594914d2b32e5054624cc95d6b2b67763a
go-source	relay/channel/xai/constants.go	100644	c20532d4ce782a42dc3980729da2239fb6f8215d	749	35a691b1b77a40107e92ee02f56d87be37e666220da359d005e880bdc4e34e0d
go-source	relay/channel/xai/dto.go	100644	4cb8d52e1828fe77c4018d9d5955329e3e9b0e62	1236	9762cac2ea451afa13eb7d31800846620a1408bb66633d7b08780a1015becab4
go-source	relay/channel/xai/text.go	100644	071b0969f4ed328fba03fc398e8adc7b81cdc3c3	3308	afbe76ef58d4e17ca3f3d743f544a7bc73fb63d1398726e3bd2043bc31c47615
go-source	relay/channel/xinference/constant.go	100644	a119084fc60554b8184bf9614c5b25956f185f90	124	62e9258ef0204b52a5e47e4e3d00e55ba0b0387f4975c42f42868564c7351c74
go-source	relay/channel/xinference/dto.go	100644	35f339fe6e4b02556a3b8f3c4224b5e7df0b4a26	291	6a9fd82d002aa45c25f957f877c868a671996f06c8ff7a35e7c1a5425475cf0a
go-source	relay/channel/xunfei/adaptor.go	100644	2f8112f48b5de8a70fd695932ad0f3db8dce44b2	3231	da19afa11572e346d61f69bd04a574cdb331901e324920ff630c35d4c1b13d97
go-source	relay/channel/xunfei/constants.go	100644	e19f01136c59af57e7ace9fae16176bff44e0497	181	62f358c4482e0a17faebbdff4115f813e363cc3a38266c0a6bc11ab430ed0c4b
go-source	relay/channel/xunfei/dto.go	100644	767c9d2b5898bdbda9e30ed2045579399d827c0a	1618	660294065752ff71e152a7ae94902f88492c7b05165cdd9a449b160c716ea79f
go-source	relay/channel/xunfei/relay-xunfei.go	100644	fc80ba77c256736bf4b837f7f335a0e7eae48360	8918	1590b6d1f288d3ef848db5b7096fdc0a1eab05f83bd08d9e94d54dfc8dafc57d
go-source	relay/channel/zhipu/adaptor.go	100644	09a6c4a6120458c943c4c9499f95b39f9f63dea1	3064	ddfa4de2e6b078e12c09b4a0fbdec1c91173efdabf6547a263e9ff4496a6680f
go-source	relay/channel/zhipu/constants.go	100644	81b18d632c7f33f3f07a58e2c983b6e2398e35fb	134	df9a42aee5aa6dc198c26c66ef7820acc10cad8afffd85f8d29410a25ae74cab
go-source	relay/channel/zhipu/dto.go	100644	cbfc2b8fa14aba26b0de379b1422984cc27701d7	1176	940a7c3b6c0ddc9e8717df0354cac63437480d35951ab2962cdbf55bd3cc1e63
go-source	relay/channel/zhipu/relay-zhipu.go	100644	0c280e2b705ddb67f18460f59f3a1867b37c8134	7290	cf2a166615103740095c24744b41b1f96f6e47c540107f80e525ca241244a7d1
go-source	relay/channel/zhipu_4v/adaptor.go	100644	04459015b89dc0a0a31151946a64a1a9be98d292	4441	3724b29f9a201fa313c2da18da38cbde33ff50e32f22bd32808e4701fd9ff3ff
go-source	relay/channel/zhipu_4v/constants.go	100644	c1c1f289523f3e1f804ef58e57511c80d54f4ff2	288	474586512b9ae6cb20fc346707f276a88887acebf79e6e5a441d913a88880b69
go-source	relay/channel/zhipu_4v/dto.go	100644	2a012993708c1fc7eabed1ed26d645071a77655f	2161	bfa396c7703cfd6141066efec6fd693fc01ed03260beb99db3ec0c5c3cc313a3
go-source	relay/channel/zhipu_4v/image.go	100644	cdb35a82c8adb793d169d210a09587d9389dfbad	3530	ccfe6edbd35179aeb877b7c14f86d82b006b02f21379f52e265c101ecf1ef4cb
go-source	relay/channel/zhipu_4v/relay-zhipu_v4.go	100644	055f899e29c842f1d8c87ac2371478d607dfe88d	1668	dbf73a6ad041d99601647aa30ecf89801ac98692d2c6a338ddb52524c192bb8c
go-source	relay/chat_completions_via_responses.go	100644	ccc7fb28122012469ed1c57af96df8ed28d4efae	6340	58cc10711403502e7a6916c03020343e043c4b1c305a1fe09054ba80e96c046d
go-source	relay/chat_completions_via_responses_test.go	100644	1858787444367da4db8b0e638626824641efe651	1765	77999ff380f08c1143f10cd0578cb6ea6d458d8a96ee10aed8a01fe98568abc4
go-source	relay/claude_handler.go	100644	63bc11f5889c17d3281bfeb2888508db0f27d253	8766	0df12f9ccdade5591fcc272b405454cd79271105a05c1c716b1b17a87d947182
go-source	relay/common/billing.go	100644	3971426b650a9915f6480f1b5cdd43458fda5600	996	47a222d7c82acf83f62e95819087c20b12b0377a197068ef52b2f30069ed87df
go-source	relay/common/outbound_body.go	100644	94ef8dde1da6d74f084c98462dce88b1b54e9cd2	1339	d6f38957eec69413d3ba5eeffcfb49194fe0660de51140016395f2ea4c81b196
go-source	relay/common/override.go	100644	f92daf77552f92629c732980d371cca84499de11	59932	d337dd1f9e6d6cdaafe0ec8e9ff52de1f64c3729cb11425d8a2331a2bb3ee11b
go-source	relay/common/override_test.go	100644	c5fc7f5d5f0496e3a90f37dec5b568ff36b680f2	63475	1a087f06846ddd3c3a358c45b5adb3797e129a75e136b030e3dccb4e66010423
go-source	relay/common/relay_info.go	100644	d8d45f993f6b772d447fe8ab97bf9f4b7e0322ba	36183	aaf06d093177c95b16febdf9da273a45a1a493ead16f388b35882a887f7f8bba
go-source	relay/common/relay_info_gemini_settings_test.go	100644	1d7f290935cf4e9a1004cc8d6cc51fa710e94bc8	734	1444b63a54800f1253cf3371a6fc0decf22e64b337bbbe19970ae8150f02928a
go-source	relay/common/relay_info_test.go	100644	9e58f3f92d8bf2922eb06e73260a6b27c6ed0de7	2768	80bb6b7bac21a20e862298c000ef629a46939a8e4b6bb0a0198fe4309efd7a79
go-source	relay/common/relay_utils.go	100644	ab9937595c5ae1a54f7c64405bd5af91d0dc5989	7993	e1b4c2bd8b42165ed5a23f45116a1510fa1a4bcd5157de78b490dbcf23a76e29
go-source	relay/common/relay_utils_test.go	100644	0746d34468a3cc5095424fe15dd60b37298a45e1	4757	d3ee4eac4281f873f7946b5bfb2d83f3a8fc78fd7d53555e7d2865ac7446a6d7
go-source	relay/common/request_conversion.go	100644	4a043fcc6df353d07aae41eebf06ae092a60b325	591	b6cc5459d983b512aa6d244e073bd50d1efe6e3f94a68d4bfd81a1c9f517a20b
go-source	relay/common/stream_status.go	100644	4734b2640a76cafdabca26568c01069b0cf47f04	2233	3aeea062b27df669fb68050127fea70932d8613dc2fe7a66ae5e2a5529920274
go-source	relay/common/stream_status_test.go	100644	4a31cb79fbcff5e31e2a622a8d4a88e603e2c347	4245	87902fe81038ea8e0f6a63800afe56fb66b47c2ce1efed1aa832e38849c06ac9
go-source	relay/common/tool_usage.go	100644	e9bed6250fdd0216d0344dd325f1a95fda6feb80	5357	d25179d347e4cb3f7d8bd644de615f9e5fac14c56bc152629dd13627d7934fb8
go-source	relay/common/tool_usage_test.go	100644	c977634046b01ea72d85d389b0711c1d6f03a12d	10075	79841d0bfc64f271a0295faaeb244ec5a30deae2159f77851d79fdd676ea1c0e
go-source	relay/common_handler/rerank.go	100644	1e7658da6968998089055e3b9114ab0d84d7a49a	2410	26e7935a75dbe4a8e8abd068816097632e23c47bdd19de81a0aab451ba9f1450
go-source	relay/compatible_handler.go	100644	b1e25e036f8dcf0e3f688a09dcc0bbaf143d9f5b	8034	ca4d7afe830b0187fbf40adf70675016eb99bada223a6bf9c115ff174473f0b0
go-source	relay/constant/relay_mode.go	100644	5f4b3be5b96fe3bc67bd8a4cdfab898303e0c5a1	5076	6f5b6b343e7e3ef485f5f30a778877e9b6d8b617913b91d3b12cddd1438fe970
go-source	relay/constant/relay_mode_test.go	100644	6c419815c293199a4626b63613c6a1a21fd9ceff	424	5ff785ecb76798210d32223792bd7ee7f960afde04bacad4f92d7b6645cb82ae
go-source	relay/embedding_handler.go	100644	3be543bd91a117edbf811da0c113a477bd4a1e93	3281	2e25d9cf19b00ab8b7383484bc143bf5f3c26e57fd2326814785a1dde9f1e87d
go-source	relay/gemini_handler.go	100644	786feb8ba345b01ca3d7ad162c6148650d01ef41	10113	f193753c2a4ab8047cb77dbbd7bc950c7d9e094d906a5b2998eb83d82d638ae9
go-source	relay/helper/billing_expr_request.go	100644	d83fc6a06b418d1722f668ad07b50b9486b127f5	2314	1fac3ee89838a37ececdd31118040dc55bb564b9a8349539be69b51288b9995b
go-source	relay/helper/billing_expr_request_test.go	100644	5bc1d6e91b6c9636170676d99072c31eba07e196	1919	a4e9f15743ba31fe5c0ebc47d9bc9bb23e05519230041a207e43952c30901352
go-source	relay/helper/common.go	100644	fa363569c4155a0b33335177cd62c36510ff361c	6221	43deccc19cc903fe0d3807d4bc2363a719c3f6a8d4d82b28b33e5090258c30f4
go-source	relay/helper/max_tokens_bounds_test.go	100644	7cdcba874d5744ccaaeb013cf3ec485e1f9c57ae	2948	d880acc5e93bdd7024f331ea8e787f453a1c9a46cda0f6b593ae3017c8ede25d
go-source	relay/helper/model_mapped.go	100644	cf74dbd202559320849654313c91d96006a3a145	2353	414b68fe34d8174452d2a74257f81f2d0fec62fc1f7eb0606ad5aa60b78026ab
go-source	relay/helper/openai_image_request_test.go	100644	455571130ac5ce82c793c6d009e30962ca428786	5245	88b3d4946c9fcec4ceb01fb793a01f528435ac40ef2919c4903bae3b5c24b052
go-source	relay/helper/price.go	100644	b9ae819bf57f8b2dd87ef595534a902483e8fed0	11859	92eb8c702331930adf36f08c26ab6354ffe0f9cc3f2cc84c4732224722108180
go-source	relay/helper/price_test.go	100644	0f28b5a424c57dd16ba7b7c03fae9745db33c0d5	9103	17e97813577f01bedc6a273021e2a17eb6524dc305b62b2c0862b2f0fa79831f
go-source	relay/helper/stream_result.go	100644	aa77e8039a68ed68189dac17960a7047bf51ed49	1492	90213aabceb0cd1ff09af0d0d825799252202202752c796d8b125335042698a4
go-source	relay/helper/stream_scanner.go	100644	f88bef5206fc531ad75757ba8bd00d334e18b3dd	8552	6fe8bfd0809700827de751296192cb69042ca4d95270bdcbd565c7c8ced01d15
go-source	relay/helper/stream_scanner_test.go	100644	a211951287d230f628d05db14f8576bb0e0b75d2	16368	ffb702b1ea81cc46ce4d000215adeb43c2c6881255be04477fe635b4c9ec1256
go-source	relay/helper/valid_request.go	100644	47d39c2e3f36cb71fe5791fc01c01fcaef11c607	13248	0157f8818dce48aa99486786f01a2655247736b4e50af1b77f21dbabdeeee3e1
go-source	relay/image_handler.go	100644	f970a43e8e20be398596ae8e3f047e5249e9117f	4896	b9c7f31d7313c6950e343e5c327c9c34ec85d1ac9d5fa21810d541e0f7e27da7
go-source	relay/mjproxy_handler.go	100644	daa0585a0797452e241daf06427034b91eebcd7c	24166	8c5ad90a3f65e453a6c9e15e105538d369dad888937dda7b9875b86daf07c360
go-source	relay/param_override_error.go	100644	a590f55aef7ed6df5a6119b5cba9df343d46cc87	440	f0b6e5a734c87cca3a3ae3fe07ffbf4f90b90ff281a8f5cdd0d7993744a7e6e8
go-source	relay/relay_adaptor.go	100644	e6298dc034f36dda1425fb06f4641d31f880a4ba	6327	e9b1c78e7d88d59e4d17ca526045f0c908029afb208862504fb15135d00b67f0
go-source	relay/relay_task.go	100644	fb384d18937ab2fabe3a30bf23c508d63564cc31	19040	a969d4fff48a6c71db8f77c6b63584ee6d7377ba99950a09e1692956dbed4527
go-source	relay/rerank_handler.go	100644	769feb227415f6a5f45133d7ef7a61c51e82c103	3745	306b3f411e278b3bdb2b17e4c3030e07830cd58928999cddf5a57003fae22ef2
go-source	relay/responses_handler.go	100644	c736c6a546b55e06baf5c65c74029b634d6c1660	6246	ecdc4a9043d53d4982e4e8e15f25fc8678897d5ba1a01fa31b5bcb65729915a8
go-source	relay/websocket.go	100644	bf59663d841aa7d9c884b74e3cf831e0e28f96d5	1367	295d4b132141f5d020c8ffdc3fc18f0c189b9571d1a8df66f3db84ab0e1d07a9
go-source	relaykit/dto/alpha_search_request.go	100644	e0d6a6f33e27846e231577cf3d2b798f76bda2b6	909	39bb3eace65f6bb3a9484207a0b3258d869d657a0deb6db06c951d342270c455
go-source	relaykit/dto/audio.go	100644	5f86e2ed9d6bb07e116ba8f202bb3b7646f833c8	2542	6693aa0cc2b13fab2dd7b2f47ac964a533ce452ac82557580f5238bd3b01bd4c
go-source	relaykit/dto/billing_usage.go	100644	075bce41e6bb9e677edd5e98b30295c0a94812a9	6545	034310f331b9fc34486c140e7253a5978205108de868ca34f0731b1fa056ed3e
go-source	relaykit/dto/billing_usage_test.go	100644	a09e2ac59c626c7a93f8682372c6cb293d8c5d1f	3651	2ae9bbeb6793cd7392a7e5f5e9eadf9788ff42ea02c81966b9fd36e41e000939
go-source	relaykit/dto/channel_settings.go	100644	d3ede20d69c5514c3b5f7a66e099e7ab560697c4	22528	c65c55bfe38984a63340dcfbebc1f8b120d8c3168a7822de1803814811f13d30
go-source	relaykit/dto/channel_settings_test.go	100644	d482679a1a4ca5d8e00eef90ebd16df51a171e96	17906	590d19b77c787d9a931489bf367c856d674d885212cc47a73bf0d09f366fa986
go-source	relaykit/dto/claude.go	100644	a3a41e75019b6a19cde1a2d2c3c62b79880da44c	16517	1518864a5f9eb126e722e8e78b60d2886ae98abf387ab9c5def14c60844293b7
go-source	relaykit/dto/embedding.go	100644	65a6b54b0d0e272fdc478a3ce3c59ffaffa0b577	2371	24bacaf83942becdc55b476041150eeabd3cacd07146274c074c2f1fc3e95c52
go-source	relaykit/dto/error.go	100644	0f83d2b62ae31eefb0c77077a6d7308237675506	2115	d7c7b5174dbd0b4feb46124bb39a41a6372bcb14cb29a29614dbd2db46c9d4b7
go-source	relaykit/dto/gemini.go	100644	033fcc0f8b3dd8a8d0f1c2aee218e0855545fdf4	21567	b3a4b0c01fec2f0b865ffbdd34e8d60d8eb16b6f3df76eaf502a55996250b9ac
go-source	relaykit/dto/gemini_generation_config_test.go	100644	0eca0bc785d916bf34acdb5bee10c59958812d35	2775	837856b5bffacd981afde906cbd21e425671bfb32424b82bef87fea7d357b691
go-source	relaykit/dto/gemini_isstream_test.go	100644	f05a24dbca7f1c0b664241f93aea6ec9d03f5a97	1546	2840ec80039fceeb34b418c1714dcaf8575d21debef931d6d4b7e1642abb2001
go-source	relaykit/dto/gemini_response_test.go	100644	3ec1ff33c1859d606414ec1da69798dfc11a199d	1263	b7c26abdd26dad8cd7843ba01c26ce6f881e6c66fc53d09d4991055978c4873c
go-source	relaykit/dto/notify.go	100644	b75cec70cae493900ddbd31271fc5059efc1003f	547	900d1d2127cb4349ba3d14b204d8be848c52ad0d6180a228ae9544af904b41f6
go-source	relaykit/dto/openai_compaction.go	100644	3aed832c945c7fbd53377bf6866c21775ad1d051	525	4187d0ae2e8ea4331f17d2fc2679dbb423a38d651a5244f1596cf0ab3e9931d4
go-source	relaykit/dto/openai_image.go	100644	ef9c6fb0422a66850733e005dc1cd487941d4348	5352	68da6a5d72a7d4f2effe72a4233db6755af333b264c8b4e4b10abf4bb9532ca3
go-source	relaykit/dto/openai_request.go	100644	c7d8b60db2cebc95c7b58b4be3cb60ddb5a06f24	33116	2ab8ace3127fc9b7e9db21b3105a8e508b91ca45c6bd4a9ad39bf3a5ecf68a46
go-source	relaykit/dto/openai_request_zero_value_test.go	100644	ecd83fd8c98803317ef7530a5a42d4f3ca1bc4dc	5901	bf4256a95f2e7f56542efedeca836a1063d94605fa36e5f7ff60744e59eae4a3
go-source	relaykit/dto/openai_response.go	100644	945d0a8699046fca7c4e26d1cec9bce3bdae0478	15007	911ae7f27de817b390db1edcb63be56674edb7b1c7563f2d6823e67e01bb9f0a
go-source	relaykit/dto/openai_responses_compaction_request.go	100644	bc11879a1d9e7585f61661fcf4989fcac4594377	1746	6245dbe695bcb0993bf7fd78033ed46221ac2dec65141f66f349fdf72db48adf
go-source	relaykit/dto/openai_video.go	100644	e5cdbb0dd3a2de131d44b47084d4a1fd7557f581	1766	f9eae70d871687bc069f85cc662d2813187bd4ddfae178ec2ece35c2139bdea4
go-source	relaykit/dto/playground.go	100644	47eddaec963c7161089def1adb62b7a855feaecb	125	9dc2bd136f27979d6388a8cc9b6289ab1c91e5b7626ae58af6fc9edc56a4ad36
go-source	relaykit/dto/pricing.go	100644	a32bd2a6ac453d6af460374716858c4fd968e480	1508	51c4c7aa8bc46b02e72289d9261095ad904c50ec65ec7ae1c49604da56b6a524
go-source	relaykit/dto/ratio_sync.go	100644	83906c83a1e4a3bcb314cfbb97c2b7bc7dfedbb8	1074	aa857714dcf8a58ef69b62f3e6fddeda6f8ee01309cb56a7bd9271b214dbae72
go-source	relaykit/dto/realtime.go	100644	ac5dc6445a5ea33fc287ad9eaf8b57dfeea8275e	3643	4eded74ff2971e29a3dad371295aaa01feb65c42e3b9ae805b7174a1e6f0fd07
go-source	relaykit/dto/request_common.go	100644	7796ef06d69226c1cedd7b11f7efb1be3f5f1c1c	518	e81ebb7e61f3b656d4d23da5ce658d26a3a6a73fa29a2e368ae6f132547c23e6
go-source	relaykit/dto/rerank.go	100644	a7315ef315af5e23df87659ce3481e0129d4c7fc	1491	e7f10bdb84a1096a67fd9c5a84881dbe89dd816ad1684a930bb24ccf1fcc305a
go-source	relaykit/dto/sensitive.go	100644	0bfbc6fb00c325af8fe3479a1077ff3fc0876b37	139	3d7c0029ab4d49304d119be51fa27a33980f25866163917122e5594fd3a13622
go-source	relaykit/dto/user_settings.go	100644	dbf555fadfa81a5bd50efc2b09d8b79bfced8def	2326	88286f74f01e0eed104bc4bc18fc97a8969d0db485a2436ccd28310b7236f2ca
go-source	relaykit/dto/values.go	100644	5d7482643a4cbd400d2fc6193d77372ad9ec4c58	1429	0cfed735d74a32a492b9939331d3ae2bc3134375ffef44c4626ceac7f24da79f
module-input	relaykit/go.mod	100644	430a745802e53a1529c3321ab3a414714a65f1f5	733	612007f65b3a4d6578df90695cc967be6f455c06fd86d16429dde7e45230e2e0
module-input	relaykit/go.sum	100644	1abb3990501e7dfefb8d34f10a938147f8449f97	3379	ac34b93a2954f88485f4ccac717f906d41f0070cd371342c87624bf5bcbb4aad
go-source	relaykit/reasonmap/reasonmap.go	100644	8c6f66c6180849685fe873248ca9155e2e4b6ac2	826	aa6a61fffd3e5e24c7d1b58a4c1dbc1233f39b8c15d8ea72f37fd717e8bdf117
go-source	relaykit/relayconvert/boundary_test.go	100644	49bedd729eb8cd6c18b670b3676c759006d687a5	2765	49558bdb57052200789fdbba99621a24c750131e836fbd0cb58ad5f6f107ecbd
go-source	relaykit/relayconvert/claude_default_max_tokens_test.go	100644	d6a3f9f339c70b8e31a6836d1e0d0ac7a27ca93f	3776	54213081564e8d3626ba981fa0d47fcdcefa88e3fd70c6a2d1995385f7225776
go-source	relaykit/relayconvert/convmeta/format.go	100644	ab8bf01873879d3043f20238f4e07cba8d35ce77	1139	6a53b5c4b9e807bd2896010edc088bff1b191052429114b2b42bd122fbc95dff
go-source	relaykit/relayconvert/convmeta/meta.go	100644	68848af9715aa7f820db2fbccc8566346337553f	5549	d44b7a5870474624f75be68d5d956a36f8c63c2de7fb52e0d274745d04e1defb
go-source	relaykit/relayconvert/convmeta/meta_test.go	100644	0b055f3fd341a5e09415cab4d1c8c8dbf8c84b89	1104	07d41a44c37d0b582db8c32dcc9fcd9d62542fe3fd777ef89f1aff91e2f73ba2
go-source	relaykit/relayconvert/convmeta/options.go	100644	af8cfeb664dce03639bbfc844bb05d4e823bacdd	3295	990b2c5399c286a34b7e494e6c9b9c2a05322baf13b82fc73084d0e089a8b74c
go-source	relaykit/relayconvert/golden_test.go	100644	112ba268ff6f4808d889a06b072b4e9dfa15af10	17461	194433e55ad8fc6cd6833aef5a1c9072ef9175caa9851033af446495da32e965
go-source	relaykit/relayconvert/internal/claude_messages/to_oai_chat_req.go	100644	56e6663e1a03f758c9dcbb73cabe31bd7ca18def	6780	e7424eafd11ca41583293eca6eed13797c4e5ac48bf414c766412a3684af4b3f
go-source	relaykit/relayconvert/internal/claude_messages/to_oai_chat_resp.go	100644	55762335a3afd42a5d9541c169580c736e574ac0	14131	b25be4d38699708beda11ce2701e43cd6b26ee547f0289e8efd673d860dc501c
go-source	relaykit/relayconvert/internal/gemini_chat/to_oai_chat_req.go	100644	b614bb8d4b6a8bd29b62fa05c945b6553f036412	5587	1dc3f24a2b9066359a154d550446f9ded0b09c43adb149fe0279318b6e5459f8
go-source	relaykit/relayconvert/internal/gemini_chat/to_oai_chat_resp.go	100644	81f8078d355d1e5a8aec7c7ed2f80b360bf6fc73	12056	89c0f5893166a07e4c9ef2f0d2cfe436afca682240b2557299d7689e3abaaee7
go-source	relaykit/relayconvert/internal/jsonutil/stringify.go	100644	a2565bbf672bfec0aa412221b94c6f196bbae4e6	260	034d24fb41e4c902b7406f615bb235761d274cd3741817291bfd3de09922a12f
go-source	relaykit/relayconvert/internal/media/media.go	100644	50ea4336dc9f590209667bbb0477f22342255f11	1182	326c6d20f5d297c5e8a51578b33b8069617ea23ba2f195600d7d122ed58f1ad1
go-source	relaykit/relayconvert/internal/oai_chat/to_claude_messages_req.go	100644	54cb11d5548738309f423b00f0771d820cd871ce	13054	fa5f032e4737b0a156c2d9a92cfc004a085efc7ef73578601b82f1122714a610
go-source	relaykit/relayconvert/internal/oai_chat/to_claude_messages_resp.go	100644	554e70a9d5e94bcd4721f8430af6c3b82870895c	16881	1ba888343402fe28be00ed342c4642aac78e59c3dc598b10dc4ec075502c1ce3
go-source	relaykit/relayconvert/internal/oai_chat/to_claude_messages_resp_test.go	100644	1ccdd00b25625e1d5ddb0f85b6a90500bf7e9edb	7366	d9ee74817a379db234b95e9f32fa15199ad2629387827821ea91ccee05b06084
go-source	relaykit/relayconvert/internal/oai_chat/to_gemini_chat_req.go	100644	2ebb9348d4c74e6fb8ea9841d561561d040d1109	13854	b9ed8f8e41ce78786f3197ffe963f41027f81f2164bf030f433c32accc6dc9d1
go-source	relaykit/relayconvert/internal/oai_chat/to_gemini_chat_resp.go	100644	9c54d3c0aec203fcf772662667b2fd52bcdf421d	7302	65fa7da2a95a4110aae8662b40cefb274ca0db2ec9802a49bf02490b04388e2a
go-source	relaykit/relayconvert/internal/oai_chat/to_gemini_chat_resp_test.go	100644	4e20baf4a827929ed339f5a0574997391b9cfcaa	4011	54daf8abfa89aef04a6b613c532d2486fa2db0c9ad9db0d84c5864acc1115663
go-source	relaykit/relayconvert/internal/oai_chat/to_oai_responses_req.go	100644	ec51248b46ea31fbf40775761bbad3771ddf1479	10209	2417f99bfc9e7fabaff1f6441220e04d39e7d635cce0afa2ee24fefdbb045fb5
go-source	relaykit/relayconvert/internal/oai_chat/to_oai_responses_req_test.go	100644	91bcae4e27f380d719d75ca0fffd289610e0a19f	3128	26e7d3ea2f1e64276d6b3a788741ed7cae12fb921ee645f1e7747de8bf1d12c7
go-source	relaykit/relayconvert/internal/oai_chat/to_oai_responses_resp.go	100644	e732819d453f9f654683b05f16a04470997f6c1d	6970	71a45fc2e0e086242355122433e33090e42dd4762ebf273f49d98e12ebb94da6
go-source	relaykit/relayconvert/internal/oai_chat/to_oai_responses_resp_test.go	100644	a6d752c981b0aaa63bebebee5083081dfbeab4c3	5554	fa8ce4d3c8d386871b40b19d8608c75319d7c4672716eb2dca1f321cfbe5b0cc
go-source	relaykit/relayconvert/internal/oai_chat/to_oai_responses_stream_resp.go	100644	301afc76d9fe90d9e5ebd1611efb2b8acb33e0af	12622	d115afd82eb6b3eac3acad040e75f6c549032672e7319b8b442780af9bc94064
go-source	relaykit/relayconvert/internal/oai_responses/req_helpers.go	100644	15544b2c2950e46221f690679b3520e4eca15aa0	7159	08ccc2bff1e5857bf7cc5f60613b26e75e411d37e0a142b9d3080400bfc5f62e
go-source	relaykit/relayconvert/internal/oai_responses/to_claude_messages_req.go	100644	53aa674c878869e8bb7b0803fc333516ca03422b	9778	bb4a85baf6ba583e39857dd67e1f9b7565d9d69704e053e64129a98043a6ac53
go-source	relaykit/relayconvert/internal/oai_responses/to_gemini_chat_req.go	100644	18ddceedba363da9a535c49897846f04ac749f93	9428	ad7cbd6c683ebd79966e2c9c9d6691868fc9b57e1b948b1f82d089e80387f28a
go-source	relaykit/relayconvert/internal/oai_responses/to_gemini_chat_req_preprocess.go	100644	77644654894d3c6d0e7ea04f8b6d52c35c4140e9	2696	bb57de0f7f7e2fae03f5110a09c2e735458c465d1c8a28eb57e9a61e8e5fffcd
go-source	relaykit/relayconvert/internal/oai_responses/to_oai_chat_req.go	100644	23b4bc70c031a2dc26cd162537efd0c2833e5273	15116	485a42a81ce5b8edd8b021c14678cf99be57b23027ca6a7e47391fed9af085df
go-source	relaykit/relayconvert/internal/oai_responses/to_oai_chat_req_test.go	100644	d27f2829c59f896efdd093a8ce8def3ab6164381	10395	ef9ee4d1c533471301edde5c79793a6ae7535f8b36daa74c9ed2236210c2e932
go-source	relaykit/relayconvert/internal/oai_responses/to_oai_chat_resp.go	100644	b97f9116d78714158a973c4e904aa1759491d0bc	8381	9d9143aad0c9f1cf300af0c7d155a86f0278d01f37805b3ea27f2b437ea7d5e7
go-source	relaykit/relayconvert/internal/oai_responses/to_oai_chat_resp_test.go	100644	49efa07d163eec08eaf87284926e5554934dafac	15239	8bc5599599cd699aa66f717221fca5f966f35db84f3129974d4945928c717f94
go-source	relaykit/relayconvert/internal/oai_responses/to_oai_chat_stream_resp.go	100644	6026e3899eeb0ad2ee6c77084f7c6f0b6eb2bbe8	20487	1b4077280b408e26fa51f378939a86d3df50bf5f7826dd83eff998c7a31ca9a0
go-source	relaykit/relayconvert/internal/shared/claude/cache.go	100644	98538e442e49c77690e36b8efbcafb0cb2a8529b	235	6e37b5365d0dddbaf4e87cd049c617a4f88e21f1b6adcb4331d6fabe9574fa62
go-source	relaykit/relayconvert/internal/shared/claude/errors.go	100644	65b7aa41ca4314d303ea91b1aa19a1d49346a835	549	ef668e874200c36b9ce4b917e66399a79ff4b92afbfd1b816b7c3f2ef64d8095
go-source	relaykit/relayconvert/internal/shared/claude/tool_choice.go	100644	64fcb082297aa8ba5ef482aa830b09d5c524ee11	1121	11cb829383bdfe33a6abcd8e7ca3a14826d516b76fff1ab2356f1c12956fcda3
go-source	relaykit/relayconvert/internal/shared/gemini/request.go	100644	ac4ce3a694f4c0763d2bad83f3363c193ee395c8	7417	c44a824657fa5caf176c8457683864b512486489116879c4cfc9bf8d4c667d60
go-source	relaykit/relayconvert/internal/shared/gemini/schema.go	100644	75cc503473d219e857d763e4766522ce824e23a2	6431	ef360ba868ac1ca6d2885593d2e20f95611316b16cc838ab053e1a8ced15160c
go-source	relaykit/relayconvert/kitutil/json.go	100644	3236150b23f715946db020096af87e8f8c99ec15	1866	c6b456ab8ca653cf9b7d428b25be1eb17fa36b8410b054c8b0284849e0ebb41a
go-source	relaykit/relayconvert/kitutil/log.go	100644	3b81d6f38bbfc7b829cac77f02e1b4dc2ba9fadb	1544	7cc0fa13663d20c077634e1d6e61286eccc2f0d064396bcf152008fc87524549
go-source	relaykit/relayconvert/kitutil/log_test.go	100644	4383fa8424a503205010dccf9d73d8d7030dd20d	760	d4dc08366c35793205481dc368cfa8130de4330612bf4d81152a567ea75ec1f8
go-source	relaykit/relayconvert/kitutil/mask.go	100644	d193a56e84d2df21d2fa4e1b5e891a3cb0ee35d3	4060	a77a18f83abb8aafa0d6313d0d69c72df0d9e2458b1301c0f32557e77cf71a93
go-source	relaykit/relayconvert/kitutil/value.go	100644	745795cb233c737c0a29a238dc2b3328f3eec164	799	f64b649d65b9c9cdc7de7dea9179ca0eb989790ff52941df7b00021bd38c36ba
go-source	relaykit/relayconvert/media.go	100644	ab8390795910d7b7e9c6473aae4816d355d801ac	247	7256b4d978942006aecb759f4cbe5583730ca83a1fc821da65d4284cd9b4cb6c
go-source	relaykit/relayconvert/reasoning/suffix.go	100644	59140a7c8d28abf156ab3d1132415f651e09cbf5	1547	73804f4aa2ae1d9467f95447d7be958ab7fe5d01dea744553d7aff2d2f7d4a2c
go-source	relaykit/relayconvert/request_compat.go	100644	fdacf68a010193b13796722be1ede67704f865e7	2514	1d88fc007ed3f06437d3fa0b2d59e1d0712c0bdc34b66eb6a95378dbc1e370ed
go-source	relaykit/relayconvert/request_registry.go	100644	e55d6c30c5e98ebad6d63d4a08669561b3dd7824	16600	e3e1f23981e0b8e569054ba2d07d1e895a9f9f797d70134552d154b3e26c777b
go-source	relaykit/relayconvert/request_registry_test.go	100644	5649ed09cd0f853ca53ec781588dada7e3d19eea	24288	95b95737bb46d9a9574e7c3dd26ca1e76526033bef6c34d8205cdda675fd4ca1
go-source	relaykit/relayconvert/response_compat.go	100644	68c57cd9d13b5f328fffd4cc22cf8454f2c3d59b	6123	c4da94555e48318e6e422e56fb9dfb0356979c5c6cd7a31f8bb5ecc5c079e8a1
go-source	relaykit/relayconvert/response_registry.go	100644	a2369a61eda10b0c77681c44673fc9fceff282ba	35372	8b8d5b8f56d19c5284615dfba954dbf4c4b93d40a65f961bbbb9f1e1e7717a78
go-source	relaykit/relayconvert/response_registry_test.go	100644	3e62d4c2ce4cd41a1176d486b689628b7031ab25	27925	e5cb76e610ce024ece63589f7b70c7f37b1f06fb350f14b95c5869517b3e0d8d
go-source	relaykit/relayconvert/safety_settings_test.go	100644	ff2ec76ebbd2d5b6789d6a223a8cdfd3f826598a	2752	f174be29ddf77a71b8b0ecd8a257c637c0b4534afa1c4fbec5b3fb5c8c82fb5e
go-source	relaykit/relayconvert/terminal_stream_test.go	100644	6ea59260f31265f47e56f210dbbaa89cd22a71dd	13559	7bc8ba95477947d362e09dfe046f8cc635caef2d8baaee96d38fedee1aa545e2
go-source	relaykit/relayconvert/text_converter_registry.go	100644	dedbd2e32be2a63597d51b2f15fdc653e20a693c	11590	96571d0a2a49d9830cc976e2ce2a3f570133fe8e618e3eec23ae26155da68ea5
go-source	relaykit/relayconvert/text_converter_registry_test.go	100644	2f5690851d23873a2dc5570d63f644b123516189	5291	ad13c234fec75e25871cff5305a59133e0f5dc935fb75cbbca52a96ed0de8eb8
go-source	relaykit/types/channel_error.go	100644	f2d72bf536e332c5393d25276da34a1eebf1f48d	611	2a780541bc31f14c8caa9d018f8d7109690876d3c984e0adef191211f5253c8e
go-source	relaykit/types/endpoint_type.go	100644	f2f96fa93c4189e660ab5201da9845243d8f9fc3	1284	ba61e6452031bf287f37c8bdddb0b99eb64cec1610d6fc0f0a15b0c7e660ab8b
go-source	relaykit/types/error.go	100644	387fdad76948d1ffbb148b9d5410c4611259e21f	10627	d4c02bfb52d16467789bee4e621d651447fe298aac76f9c111bf88f28843e932
go-source	relaykit/types/file_data.go	100644	f1c82e21ec1fd494b8efb8d84776adbba8626f46	120	a424f53e6eb47b9a3f4ffd3292555c6fa46fece3c26c19cc6919c62a7143568c
go-source	relaykit/types/file_source.go	100644	86ef25e1b018d8777fa4c396632d1ebb31f096c1	5492	ba773c738accc8ebb13c9ad045d1b97f703ab20cf2e7329ec2a579c944ae2f27
go-source	relaykit/types/relay_format.go	100644	86c2de176e6fffbadefb4b4006cd2ff028d0d9ab	852	22c7cca442816c4c5e8e7b074fd1f5021460b86b43634c360f0244fa5489e5df
go-source	relaykit/types/request_meta.go	100644	10f609b4be303aa39d60dda969848181de7dc2b2	2844	00588971c9197e8062c4fcc320b2cd86901b3ef8eb2cb40646effef5b226aac5
go-source	router/api-router.go	100644	6917575db7ccd75886eb1dd1c4ec772c974d75f2	22389	adc48376c0b8a43d1824212a778160cdb0b29da0ae7b5fb64cf75f9661fc1600
go-source	router/authz-router.go	100644	df88d35b25e033b47a0cc1ead5113d3cbbaee5aa	571	13813a587bd8a6196f0ca1ee68f0165ba07287fe8859a212f7a263feb700b97d
go-source	router/channel-router.go	100644	b85cbd884b77216accac125b3cdef9287b3717c5	5827	a74f50aea1f70bbb02c7922dfbcaf51785c674d983634ce872f6ac610c92d27f
go-source	router/channel_router_test.go	100644	8ec1f9b1742cd96f25c24c9cbb066c456350ebdb	2092	400a32f9ea03793dd2679f5c357161731f1030322e3643fa19c6cb3f649dd5b6
go-source	router/dashboard.go	100644	2e486156d92a7a603e85a8ec043d1bb940f40194	776	5a76e635cffe4ab8d7860eb30928619c5d9df1382c47358eb2641878f69b72f5
go-source	router/main.go	100644	6eeeeb88502a92614905d7dafb40700bea7108ea	847	0e1c0513f75378161d0d39ffeb3796d3170e2a649eba9d2e7b6c039d258b034e
go-source	router/relay-router.go	100644	e08ecb14bc172755b7069aae89a0dd67d6db3ea9	8631	4b5ab60b44651824e4af5b228e04c3f13d5bcf8d62a5415e6638287d4bbb2d1d
go-source	router/retired_frontend_routes_test.go	100644	89514a644a08037d27af3274b3823886bb00aabf	731	0a19923ff53ab6396147ece55a0e20c967e2b3a243608410c451410a5c7c771f
go-source	router/video-router.go	100644	461451104520c274380089f3a37141ec60b89594	2065	44eee9be4473de338bc5ca798d5a34ac75bbcc7cd5809966bb9bbde2737565cd
go-source	router/web-router.go	100644	83c91d8fe15546369379abfa060b41e3afe31017	1095	91f535202d37baf8709bb667321fbaaac590696f3d20955374b5bac2700089a8
go-source	service/audio.go	100644	c4b6f01b2fafe2d137631c7a1f5510619bd389bc	1194	aeafb294451d89df4c6098d80fbff85b5de05278ecec5c0d845e10a832b47684
go-source	service/auth_cleanup.go	100644	10422754000c43025bdf0788810d9f2494862ad5	1544	1ed4f95f1ada888e6ca07d31e05d72f819c3a3834e5c8337c4a2e286be8476ec
go-source	service/auth_session.go	100644	ffe0cb731ab0058d6451cdd33ef73a6bfdb7c0be	14039	550596485479c8e9e1e76e23aef566a935bdff3993b097fbb8230d5bfdc3c13e
go-source	service/auth_session_test.go	100644	5342ff4fcd83fe444c1d036b8486619c23937e8a	17054	a839753555e25d942fbcf44bacb393d4b988565300894cf3f932f5bcd1a1d2c2
go-source	service/auth_token.go	100644	309e8dd086c363746caddbb7c49523ccba3b272c	7516	c38c71bc750d05bba7080026391a0d415b75c4f876facc808db3268e8fe3aeb7
go-source	service/auth_token_test.go	100644	e99573576a9366a8e9af438a19c8cdee9a8f8827	4751	a2621908fbb43cb7da08cdfd15c322f3748449fd17f768aaac4f3856ba7ca7c2
go-source	service/authz/adapter.go	100644	6c971a8aada87560e223c9022ab607b323909c53	3128	db65547a115eeb19e8e8022060a84ab2139050fbad5fc9e42d7339afafc4ac77
go-source	service/authz/assignment.go	100644	8024f51f74b69d278edeafcd9f0eed7ce34b6838	585	3ef6202a66926558b54414580b6c145c7b58afe1bf87f587d569ee72397279a6
go-source	service/authz/authz_test.go	100644	eda3f4add2e9c7a89c8fff02c1abbe0eda281044	7301	7a5a58385d1004ce6673a112afabc4abc000454cf1ec1d4b21a9edae5c966d22
go-source	service/authz/enforcer.go	100644	b64bf762e2c539e5f8a4e9dcd6c3fe9341559250	2058	8148fa7d82c50cd0c93ec5f1cb2fc9a4e5f2c720940a378782ca87867895ae21
go-source	service/authz/override.go	100644	e2e9987ed1605ccd2d654aa56380fc4f61118024	4497	c125a1058fb1f76fe2a5be943ab6a316dc477a48a2045dc3bcfda67025b26561
go-source	service/authz/permission.go	100644	994474b891090f719dada085a42291438b5ab7f3	585	1c4e7eecdbb09c45e1b312fa4c11c9a6002b192d737ecce5d8130dfd8d4265d3
go-source	service/authz/registry.go	100644	2b158d052965a471dffe621d455b951c231cef48	2822	6b91009023786f8f950150ecbb61840473ff77ed18a102a18c248276dcb85ca2
go-source	service/authz/resolver.go	100644	888c5fb08d0206d013b3691583cdf9a847fb334c	2183	4178b598bac09da27f9998634824b90c3eb158983bc50744299d72ce9d48876e
go-source	service/authz/resources_channel.go	100644	f78838306cda00d94dd50337415f16528b374872	1884	6ec7ed638ee9c671265b78679d99c6fff681bd3c86fbe85a453b413007de1dc9
go-source	service/authz/role.go	100644	d3af237e5b1728419ca8dddbe56a79fca97663e2	2082	b75f5a1ce894485008e6e3008e5545ff1a3adcaf83658bc8f9a63fa9350a19c0
go-source	service/authz/seed.go	100644	78536fcf944967df053db28fec738649b6929b46	1399	ce0c72bf7b200f324b169606ec400836bf1b31a26fb0ff757f3cb3f02fe0dbdc
go-source	service/billing.go	100644	7ffa537192af8aeb660b833152d38d8d647ff8d4	3119	c93c620b813feb3f38aa54bde69ff10369234fe31ac6acd80cb0b74ab600b823
go-source	service/billing_session.go	100644	96afcf034e306e466481f6171d45f4de64b25ec5	15594	c449746c8fdf80bec50ba913d08bd6f0e8e2a45b9af6b18564c6aabfd71d5cc3
go-source	service/billing_usage.go	100644	2766178d68c47e1117a39cd16de015b254bb74ff	7533	0c17022411af65a91fc7a7e8b3fdc6a8f7c7e602c5d88a01b2ceeed58052eca0
go-source	service/channel.go	100644	f348e081e2ed382c36046045c0ce171331d64cb6	2647	743601e21e9e78a21d9b2c8d9fcd1999c58b17379b7ac0d23f224e33d84e54be
go-source	service/channel_affinity.go	100644	a112fb84dc8084b89a02b3c7161c7c88267007f8	27226	fd915149ab1c9eeb4adc5f5560a8ed0dc45aed33ab24f9825e976c5302b2ac1f
go-source	service/channel_affinity_template_test.go	100644	fb703a24e7205758ca438439b47071ed26d9972c	10090	874ea0d6ae2d0834ca50590df34b7ab385cea3f3549b455e3614ea31a3fe5a6d
go-source	service/channel_affinity_usage_cache_test.go	100644	876297b21c05d75fb2f4287a73b4d0e570b7c191	3471	a41b9f1de617628ee70d428591a3351d7dc3472e3a313a2dbdbb2e64d07bf94e
go-source	service/channel_select.go	100644	24c4e252bfb3b452568d3fce609f92b5bee7c8d2	6332	1a49733820aad7f7a17d074457165838bd21979b154afd5aa2bc006f8457b13b
go-source	service/codex_channel_models.go	100644	e4c8f04e3fafd2744194b151d108d6d4fe4bf226	2612	3dbce2e4543a721a7c965fb07e66c94f69169c1510da175fcb6d0ccd08654de3
go-source	service/codex_credential_refresh.go	100644	9599ba0f235df3ca865a795bedfaf3b792eca949	2828	3acfe6e31f874c193c43bb1ad3723276656575c578e914201f5d0b4884dfc7cc
go-source	service/codex_credential_refresh_task.go	100644	5d87c8235aa12b63d59b67ebbf268bbc3b9394d9	3742	15f3c56af052398a5e0b0cca712e9718fa023347fcd82962f86491c558098e47
go-source	service/codex_models.go	100644	f7ffb983dd60708e824749ffcc28406f23b0cd30	4676	ea0e8493afcaab636e9d72adf2986b778914c736c8db2a2ee48d00dffba72888
go-source	service/codex_oauth.go	100644	c201b59ae585ca059dff7026674d4a9730f5aaab	4075	2fa9502facc6d26d994709e86c38154d79d0e5cb22551cfd3c04d17408b6c06c
go-source	service/codex_wham_usage.go	100644	68f42c2b9b3ac8651c872b062235a6ad49d81a11	3727	dc106aa3c7671a2cd179ea008830bde7532d5cd9a24d1d5dc4d783fa991a01b5
go-source	service/convert.go	100644	33c5296b65360c46c342826f8a252106145512ac	1166	eae25a6d3f8c0707ef1b45eb4d64c0cb6ae0f8ff92f62bb7a01f2707d2fce7ea
go-source	service/convert_test.go	100644	b6627c12b6896c64c0983b1aba55d4b045b59ac0	3116	5d6431963ed832d85aa6416bdfcf43ddabcef66f5c4b1fc21e02d822703fb9a6
go-source	service/download.go	100644	61596ea2ad29df327fc55529d858a81b6f4e3265	2400	43ac2a7c01c00b8192e767582b713deea3defe5d3a37c53210a05411a1be3819
go-source	service/epay.go	100644	bfe14371eb9683849d2eb40ef206159674103bd2	324	040d65cae12236f62a6bf13f6f0cd8b31ec09a03d7218f691a818fc0c05c3b08
go-source	service/error.go	100644	f14f1bbab6605aebf752219523a5e4395fa8c122	6879	35755d5d550d4de016ac4b8b92015e71d3aba9356e6cacf53a060936acac959f
go-source	service/error_test.go	100644	266d2a87556090672177d079718b1ed6e21a29d1	4225	f4a91369d386452807f5e657f68c19a9f728eeccab77b81144588338ea57fbfc
go-source	service/file_decoder.go	100644	18376ccbaa970fd18a79170f2da8a26cc3b57ee0	5512	67fc6ff544311275151ee0f24f9028b5e21c06bfa18e2b5ed40af9b665c939ea
go-source	service/file_service.go	100644	52652a3478a18fabc4aa361fd93403060bc0fc65	17084	fc28d1f348480ecbb8055e65975aa5ebd4cd9c4440ee873f3fed987c2229991a
go-source	service/funding_source.go	100644	fc629c8392a1825f6e8b0ac9214540eea96229da	4095	4c5e69c667584d5519515a87b0d5a933c1537713394a2872b0ef9be87f0d909c
go-source	service/group.go	100644	8cb359bcff6386c11e3e86f3c61ef7b17faa1565	2364	70be6bed6f52c657b65f9d38ab9e978bbb5b338724f5a5f9a921d35d8e7af063
go-source	service/http.go	100644	d9818cfe158d1ceef7110e02532de9e76dbca421	2216	35543293237125794fb949fd69ac3d87c769d2f5b0c1bccb7b356154821e6629
go-source	service/http_client.go	100644	f5c19eafedc80ec2b9995c0a97a4364080ac9483	14026	11b1c8bc9e96697680c8e516aa6461666c0c40c32bf094dbe0d9d48f00077fa6
go-source	service/http_client_transport_test.go	100644	b2f83a1a0270b7db70b934c23364c66f2f2f1256	15184	0b792a4c2fc30e9b3e69b2b47227c0f190f77cbe38f2b6369cec49aded4d2141
go-source	service/http_transport_policy.go	100644	c2e3d9a6557157543377f484744c46561d89393e	2576	af13f608d8828d7cb98d1469023107c9869c13f384cc4a4a2b259f7efa9352cd
go-source	service/http_transport_sharded.go	100644	d557c58185af62aafc9d9307b9f7dab534b02e90	3218	edd55b68c2fc21570973ac366125b6162e995348eb1e0fe9a36d5532efff0770
go-source	service/image.go	100644	66181f6c7c803e59c939abb0937b660dfe43063c	6124	ea408d5c8a0f1466d76b06465a6e7f0fad9917ab4c91c9474e3e6ffee669b3d4
go-source	service/log_info_generate.go	100644	e510ec02606ca2428cc73e8acdab087d289584a4	11988	06fd070c046a05f30d956f37a8874c2f9180ac5a1fc6b7fe7853a0f1ac7e9c11
go-source	service/midjourney.go	100644	c6397b7f081587909eac6c569bb3e80a586e7d70	9073	f1b1ba56802202078bd5652622be7043a19beb60b261390fcff589f18a75aab2
go-source	service/notify-limit.go	100644	cad5d7bc182486ea165e77dcd736ea7956bc1b85	2975	10723bf0b093403c6f719080f81aa8a710b1e69d23cc5ff7e44a6a7fa75262b1
go-source	service/openai_chat_responses_compat.go	100644	61d1d6e2610f104bed641798e667b0135d377bf7	1231	0b8da92e20a17e395f9ad18af22e92cae1315dc8f1b0227dbfc130b248fc46cb
go-source	service/openai_chat_responses_mode.go	100644	1095dc103beb3dcafc0317b480d07f9d7e48920c	1447	8fc2e67ad6ee3636189790a0e4b5eb267de95b50213fe01cba28f152fb055dd4
go-source	service/passkey/service.go	100644	243eae3f6354ab8361e3419eaacc1edde0a902b7	5062	12632f7671b39384d8e6c5e78bdd7a185eb00394adeddd444ee8083205df1bdf
go-source	service/passkey/session.go	100644	3753f5158e68117bafd71a8cc392d078d1cbb0f1	1738	8acd2aedf9d459748a24944040414828031af83254a6f3575e4569b1b15769f8
go-source	service/passkey/user.go	100644	2ec248a9dbe34fb708e00d150318a5130ded3a16	1398	d2e788763c6a5ead97486d86f40f32a8297a7d7b2064aa2635f2bfe08b9a1187
go-source	service/protected_fetch_client.go	100644	9d1d4cc87871515213c7b2a4b79d0c0c2a9828d4	6530	48bf994f895a1188d0500e369c93831338818531416b32bdfe7a9e63b41debb9
go-source	service/protected_fetch_client_test.go	100644	3aa49c9ac79ffb3d08f95b509bfeae71d9549ac5	9472	9488bca1a10b0de0df9cb42b023d82ca212d074ddabc953800a7fb27f32a6101
go-source	service/quota.go	100644	1f3a9ef2b47957389f7fd129acf50bbd3b56eca6	19416	2e8df21d514e21759f91ed982cb136225f2b83d3c11e11520bad08777750ec30
go-source	service/quota_saturation_test.go	100644	e8cd55c25e82ece3dde64ac6925315ce27a7f95b	3871	f81587b2c6254d63fe4ae450ec8a9df91939ed88ea3a7bf69983e1d8b7cd0cbd
go-source	service/rankings.go	100644	462508583fa747656461c07beb3e6b6f8b0741d7	17602	449f888ebe7d1c37bd340cc6246625b508dd6717242e6b9f979795f1814f7a69
go-source	service/request_converter.go	100644	3b0f6ea7d09deaa54633c24f3ef17fd567412e0d	2268	1479d5dc5eedd4a4cf6e326902b76844bde3707a6209db3de5e20b3700d37688
go-source	service/return_path.go	100644	21b736d269f7e8d50c5b0b25974390eb7ed6ce31	230	1fe552e20d48b906dfd6970e0a2f69a34828500ccd68042ce849d6736d386055
go-source	service/return_path_test.go	100644	6039a171c0a10320ff59f92fb010d71df154e130	483	fea6c2e57eaa4a0a2e6bd0d6a404c3c325dddad34a34e75301bc64481b804ed5
go-source	service/sensitive.go	100644	ffacbf4f9f56074a32f3c67c8a10738d2ffa5c81	1964	6af17ba3f9a03b62da21c53abefd700e508095e405e84f281928356b7c8ed8f1
go-source	service/str.go	100644	61054bdc46a28a28fa6b7a6c9b83a0eba6e543d8	3064	bd72116a39e2d818c60a327ddb10932f0192aa0d034f320a59465a36d0b0578f
go-source	service/subscription_reset_task.go	100644	9dcd373068d3610a84bc98f0d3a0b6f1352a0c1c	2233	760b4e4f547280695d58c8bc6236e22627f950489cd1368816d4b9206990de7c
go-source	service/system_instance.go	100644	37f52715183a9809c090c38977d04a97a3baa70c	3535	28c11b5f8ba303bfaed035132d124715d0cb7510be7d3c84442b350e01873dd7
go-source	service/system_task.go	100644	b7182aef1f3125ae5d286e951c55698a4055b9b2	16351	a577e97002652d959c528579063ac52b7c6f788d38d54266cc1ecfc5e4e9a23b
go-source	service/system_task_test.go	100644	baaf9142eb11d4d3bb0b2b287e8ed30e4553cbfb	7389	5b2281c0eb235984d27518951f00e5746f96d68dfcbb4fd7d56ed46b0ed1fcf1
go-source	service/task.go	100644	b33ef29c519bf0cc211ac6277334286674a3ca4f	248	4f688abebadb78d2f1b88995deb0810dc77977720fed2ed91615e0babf52c8b6
go-source	service/task_billing.go	100644	b677cb62a2a39f2835eb8f7aae3223ac1a119945	11460	c802b6b852352aa802ba26cee62e42ce39d0fe9a2d0a40fd2928a97eb05f4b0f
go-source	service/task_billing_test.go	100644	53e3f680d01ccaaeb45bcd17cceeac887c1d5014	26271	961098b4b0349edb57ca60570324341575103317366a7ebd68bd82e3ff86dc64
go-source	service/task_polling.go	100644	250201ae052598984d17f373562f72eb205e1d3f	22042	1123c4f1ada9c90cb2aeea29b89a0f04a82837429c513e443e8d5fd2ec2311e5
go-source	service/task_polling_test.go	100644	57b382fd6af5660e02f58e353e59cdc444cd6a68	16530	a97a8fa534dbed10a7c0d09ab16b32e58b4cde9e8eea4a001e7e0d072cfa4d42
go-source	service/text_quota.go	100644	b7578f732786f77425dc11e97edf3905828542c1	21811	59956db7e3c65a925a65dc679f6c1ac4daa51d0be2e949a2b130db99a3a817c9
go-source	service/text_quota_test.go	100644	5a908af2d48557114492b3edd087269ff1cfbc8c	35002	93c8a10a0bd256d8165fb459adc596ca1408904e146e4f0bab456a7a3e8a4293
go-source	service/tiered_settle.go	100644	785ee934086fff1e556ccc32df967416cae0acca	3789	121599cf110cc44a29d90b0371edcda5bb5b4c968e36b454614ad0e1f3d36275
go-source	service/tiered_settle_test.go	100644	de8abd90fd19af44ff8247c5ef84ef61b9397238	25276	abfce0ba8c1cdfa71200af091a3ce07fd7303258109e3a241c44c62d5beacbaa
go-source	service/token_counter.go	100644	aad320a1677388c51eba100f6637819ee117a01a	12409	a055e50da9f8de447c63c47fbf54590acc7a887cb0173d77dc03fdf05d605bab
go-source	service/token_estimator.go	100644	9e27269ce3d8ee6e64c317a75512a7f8e7f25ff5	6367	48c75cf49a14ec8e6dac5b4b837881531ae90751edb82b44777ba0e64fa20ea7
go-source	service/tokenizer.go	100644	9cf632b86afc58c590716216f9226f9e54e60390	1671	26e07a6d2655d5bdc833e92ac07dc0789be10fe88c6346fc916feb1d386cc002
go-source	service/usage_helpr.go	100644	b5c35ee7b79aead811ea965beabe06e64855da00	1202	5656a4dd914731c4ce45f6192d04fdc5f86465c013d1182680da89ab491c8841
go-source	service/user_notify.go	100644	5f015b4307f9bffb40e777b9c73af6c1589b077f	8274	fafab66a194958c2029e9e92339161cfe7f3039dd96aa551c90f4b7ecfdfdc9d
go-source	service/violation_fee.go	100644	f51533629d764c6f63e581286054bedd49787cd6	4820	eda70186ea7babfa9e1caf9942218f72d6dcc548cafad3bd9ec3dc3bf139839d
go-source	service/waffo_pancake.go	100644	5387eab8624fd1b5d2d501d0a6d336ddbd6e1940	17530	77c64518a4a87f67941f84b66db73273d753bfc6dfa72340bc15934d042b68b6
go-source	service/webhook.go	100644	5d84e7da608b5aa0036b12d5bb37ffc886ab2b83	3299	962685a9b297c267044873822d2b5c5140859b1fdbcc649a1c190879147e301b
go-source	setting/auto_group.go	100644	9261286bca93d2800d4005a62a7bd298057a0f4b	648	92a23e9d0e4d82f6373e2be2e9950a23c07d003ab84778910008e9e7a85b7354
go-source	setting/billing_setting/tiered_billing.go	100644	46dc70de257f38c5eeaac7230db91dba19c8cd93	2941	0422484e1947705474461f8dc28a8eaf3e20d78feb626157ac0f9a634f951324
go-source	setting/chat.go	100644	bb8a997719393c7ccdd5201e7d41855777973ae5	1392	0b569a81264512dd5f58c3afa609a931a53e07dc2ea4a31b53b170aa985e7435
go-source	setting/config/config.go	100644	a82d934f6e5b704bb08ee9dd3fb27be37a66dbde	7362	35c70f82d5d94bc3a28f2b795282392024280f76fa542976ddc5fd7308c9b1f0
go-source	setting/config/config_test.go	100644	8c70a5afd003a58d3710c17059eef40dc93caf4c	2436	c54083eed11d47dfcecea900be630bc1fb09e524b0ff32ca41b81183d6894db4
go-source	setting/console_setting/config.go	100644	144e95c497beeb7a1d3d908ee83c44634b7069af	1523	746bec183ffb9128bfb50b0b6c149849574ff525425ca20eb017bed1f5f7a79e
go-source	setting/console_setting/validation.go	100644	d6e4342c3d8f4c3397258484d0107c349823547c	8797	cbe72955cc51a0bc4d3079cc0f130ab9156fd8f201c164edb131f534da5e6a3a
go-source	setting/midjourney.go	100644	d84f5d752d0448198c07bb44b9fb6f27c41b85cd	181	985bcf493dde5196bbbea9ceb3ea39911bf967e9348a0ff83e4f48444f8c7dc4
go-source	setting/model_setting/claude.go	100644	2ce5d2c63749cff3cd640863493c79a49af1e7a9	3578	643081c086b43b517b00b145a245d7f03044109654aa2e58804bc7b39d70307a
go-source	setting/model_setting/claude_test.go	100644	db62ca99b21289a2a488b1eb2ba59c894ed12366	3051	f647bf94c537f443276b3720ef01c043849ec26d089a86c2403c4c0efc95adb1
go-source	setting/model_setting/gemini.go	100644	8e21cc6fd09c3b52359192cda0129a357820281b	3677	a50ecf7510cf7874dc187494cd956bcd60eabd606de80a65d5c5fa8377cb1ed1
go-source	setting/model_setting/gemini_test.go	100644	265297192bd420474dbf8621c839753e60b5b3fd	2274	3cce94642ef6df51a98ef22008d00b19aeaf2f162c623e3b9e0eb28d0747a715
go-source	setting/model_setting/global.go	100644	d0c4d312893c9bffacf86ab39eb064ed7cadeeb6	2112	9a4c01de62c3209848bfbda684f3b5f6df78d108c3b19ac0f118e004f64df699
go-source	setting/model_setting/grok.go	100644	d558679bf7b06ab59b5e22bd9af5ed180824f6c8	586	eab982ed083c5b61055dc568e78a151fd35e8c45b2b335cb52b34a5a6aabb1ec
go-source	setting/model_setting/qwen.go	100644	ffbcd9d2ecf23af7970aa81d6607f4355af474ec	1035	fabf1de17d0c5428b08180f5cdc69e2cd75af191fa389bde16bfb60c7f0a4741
go-source	setting/operation_setting/channel_affinity_setting.go	100644	a925a847d6dd61d61dfa89777421b4a9a3469276	4990	d53e4fd6bb2076cf937a2a12d85fdc36ec6de85b0f80b6238bcec1e2a10ebea6
go-source	setting/operation_setting/checkin_setting.go	100644	dd4e359452b62ab2e34ce197f9958d69e895affa	1041	52a957fce18756edfb4bce91ab5063e41e8ece02ad006701b33796369ff81160
go-source	setting/operation_setting/general_setting.go	100644	b7135fd9841c325a428b5d7ba6f191fe3f206060	2556	0690ac2b3da464f873cb97e2150b53fe89aabbd5a155808e2eed36ebfbd888b0
go-source	setting/operation_setting/monitor_setting.go	100644	8593d8349a4c6b369a52db730dd6b375fcf0c9cd	1455	9151bc389ff0f85fdceeadc5cc68ee3476afe5ccb6c6c281d643beb6ba0a76b1
go-source	setting/operation_setting/monitor_setting_test.go	100644	7aef7eaaa9cc023aa553046d6af9a3dfe0fa9cc3	1117	75f4e8b209fc7fdf08e0dd5b9f9ed8bca517947fbcfc755ebf1ba11b0a9e9c94
go-source	setting/operation_setting/operation_setting.go	100644	ef330d1adb876a6a2e0e00a1e1d1261d7e9b4faa	794	fa7d8a5583ee055d2baa810ccddd738780db0d56f51276508479b6a23288550b
go-source	setting/operation_setting/payment_setting.go	100644	b08d466b510f0bf68de254e024e5131b6052727e	1177	589bd0c71cf8c116cb96a37998dc19b6b212f01734de83d0576dc996583d96b0
go-source	setting/operation_setting/payment_setting_old.go	100644	41994a8ba94dbd331382a8f3b1bcb070416ff7ef	1260	c460f064dc438433f67e15c33d8e164b951021f07fadc029c5be8bdd0b624b5b
go-source	setting/operation_setting/quota_setting.go	100644	dcf0501a92db8585fea192ac155cfffffc2f78cd	487	30c3f7f2f9746961bde95b72b4b4157a95df0cac7ca81f28b00fcca164040ba6
go-source	setting/operation_setting/status_code_ranges.go	100644	7c61afa01c533198a32d5d1253c218d1cd5b03a0	5032	d630979b3c830d116b3bd70ae4a2fb497619a5e885c819a7652e8972bcbaa415
go-source	setting/operation_setting/status_code_ranges_test.go	100644	4e292a3681a9ec2857687e5645d7f1a5d8e8cb45	2716	7932fa62f5f442b6456fd1834b935875e371678d2b13252e3c8ba6afe6ffea17
go-source	setting/operation_setting/token_setting.go	100644	0d4c4e2f244c02266c686cbf83560b67a1941477	679	204ca70ba6ec16164fe05835ade177938ab0330ae991200be4a35f1587289649
go-source	setting/operation_setting/tools.go	100644	07560f89e99c147b12c4d33b07d9825ebc0cc47b	8631	717e8a36c0d780e5da11f8860bcefe69a2de881cbc96e1c229b573dcb5e8eadf
go-source	setting/operation_setting/tools_price_test.go	100644	027b51929cb67e798bb84c43259f5f70dc286b8c	4861	4c7b95003c8cc75492336e3ad415bc22769cc2fc22f0dd674e963d80da111f09
go-source	setting/payment_creem.go	100644	0e6b7ee2b581763cd6be36f19c9233f81d71da79	117	ff165ffd9114812892b99b47b869b08701802cdc261ebae7d74646d4f1966f71
go-source	setting/payment_fastpay.go	100644	fb09cc7e58e415658056872e296064c0e1fffd21	117	057d382ccc1f9faf05a6dc026ab87923e6ca6a74fee02f12d05ba1a4c089b399
go-source	setting/payment_stripe.go	100644	d97120c8523c6a2b329e53e22c204b8b39607964	183	9969774872dda0de517158a9da8a33d48a4895a03655843268c67544528905c0
go-source	setting/payment_waffo.go	100644	ad6f5fb224bfa6d0caca60829776430635607c7b	1959	4202ad600e9b16f5dd3e599dc1509ace4e92bee814c7638778e45ea471ffe95f
go-source	setting/payment_waffo_pancake.go	100644	32396aa67236a642a651274e33b3ad746279604e	505	a00e6e8ef174692fd03a2ed7bf522424efe746a14cb74494abb3f4d3f2b3b114
go-source	setting/perf_metrics_setting/config.go	100644	fb7780e53b4cc7d8ecd2049570485bde8d832fe3	911	959bcd17b4a82b57c86fa0d31b46d211c8ed612918f4d2f5c7c62b039ce9e7e9
go-source	setting/performance_setting/config.go	100644	4f02dc7bdd6a1dca6e2a70444bb77660a998d608	2832	4c03f306d6d63d6a51a2eeefe584dfbbd2b056c1fe518e4ca1e80da5e12b303f
go-source	setting/rate_limit.go	100644	413f3958d759da6e9436d1abeb8a759a1d638741	1947	153748bf2dd49f0c8c6d9dbb57c5476f11cfc4d388836b69b0a9edd3a8d74e95
go-source	setting/ratio_setting/cache_ratio.go	100644	6e874b5bc5f97030ba9ddb7c9a91bea8dd174b73	7123	c4ba773e59e22dc7333854049918eef227d7f42f3da6012e3ff3b5e980920a66
go-source	setting/ratio_setting/compact_suffix.go	100644	b1fb6465f6a4ba768e9d1cefe2e3020d8e6320a6	854	55a306d1e8d73bdcd9b03a728e608572c75992d394d26e731ac22798c2a336b5
go-source	setting/ratio_setting/expose_ratio.go	100644	783d9778ebbd2b83a2c15ca463e1ff17ef3005a1	283	98d6dca1af6222cebca2e33c5cbf146ebe42b6537204497c2722857b635571a7
go-source	setting/ratio_setting/exposed_cache.go	100644	c88216fcb01578a83d2d1c3ed14a79f9bca18b37	1189	d9688c49e4475f5d50b612b13ff0d0c13256b58072d4138a0e5b6d4c314d1102
go-source	setting/ratio_setting/group_ratio.go	100644	7d16d9283932ee5959d684acea02c795ecabe3fe	3081	f62a2464c6b884da8b64dc7a86053ce54ff2e85a7bab0f2a3c04d915e866754c
go-source	setting/ratio_setting/model_ratio.go	100644	829e0794a157991b094efb43119ce09d12f0f072	27870	e9df522cdea66aa91bbfbc1d7b59b9898d4ac5148b59754047e67ab73d4e910d
go-source	setting/reasoning/suffix.go	100644	fd93546ae2da738bb3c62b948ccd47414df12c78	887	721f9e309a5dd9b7a5daee31b1c7c0c3cb54b07974eb52e22713e96429fcc53d
go-source	setting/sensitive.go	100644	86f9be9a6eb38683888ccf9cefd1d20ca4ac3e0f	1047	274a6dd4ec1ebbe35bbf557d99f53e7980753e0d1ffaf2204d1e388fbc5fcf1d
go-source	setting/system_setting/discord.go	100644	f4789060b4248865ffb1805dc3c7f5b79bed3b1f	496	56014491e7e5c96d062dd6be5a79e364f44e812ad406a6be656c2091a14cfbf8
go-source	setting/system_setting/fetch_setting.go	100644	c71be03c506487eb6dc0f66ec0cf483517e83991	1521	19d545b2e3f7a93f6b1fea2fda4dde9a2de58684eb087c3f1b5549d89b046d07
go-source	setting/system_setting/legal.go	100644	cc84d4085cc29d9b735108aa8ca4ff7e53960559	440	f08ce48e1470deb7835acd139418dd0bc4aeab8913be51b846caa24194a65c55
go-source	setting/system_setting/oidc.go	100644	dbba8579fe7491f3b4e5f236a47009312388522a	1200	b741a765d98ff1241f562e420a3a1912db0986e6ce204b7c7650ee6e780b7ad9
go-source	setting/system_setting/oidc_test.go	100644	0ed2b597e5c6dd7b0488b692b22b877ede8e5c68	1449	80bfd4201bc48a3959b04f0e93449068434822c2da2c1ca32b44461327367aa3
go-source	setting/system_setting/passkey.go	100644	41855898c674c89151eeb376675bbd126e62aec0	1517	969d3de52fb5ae8365a0c535abec44eeca550f5c4336ce1e995d38d2873a1334
go-source	setting/system_setting/system_setting_old.go	100644	4e0f1a502087e25837fed542698d351887e31cd7	212	98db5e98efb951ac29218105eaf2189cbd384e77cbcaad5ca560b47a0a26b8ae
go-source	setting/user_usable_group.go	100644	eb04b7f3053446989c430e74fa18efa3fd890474	1241	ae542e900599924c7e6f11d414c92eab60fc29741e58582c67c73cfce8c590b3
go-source	types/price_data.go	100644	b9215f7b73466ada795e89a78ccbd195861a29f9	3058	9aacbac95226a860fffe193e0a19d4d72601fe245b47c803af9d2707391f4781
go-source	types/rw_map.go	100644	5c5e06403e5d88c65b0dd4d2f6193e37127c5b63	1955	b1f91e3a39cfd43a6c89fba992d7d2c1ecdfffd3e99c0b2ad55aae6ea10cc43a
go-source	types/set.go	100644	c0b09e8610d61eb604ea3c4c4f9be0441c4f41d6	567	a0cbb3f068d9e5c000341e1f8a88a450c299ebff036ab6a28914fecffba9af73
